,job_id,flush_size,flush_speed,start_time,end_time
0,2.0,29005462.0,111.1844355769194,581134.0,842011.0
1,3.0,29003456.0,115.90302071219914,1123434.0,1373673.0
2,4.0,28996612.0,116.61007870089237,1661804.0,1910467.0
3,5.0,28999798.0,118.13026192512933,2200996.0,2446486.0
4,7.0,28999444.0,10.37451426666161,2740175.0,5535433.0
5,8.0,28995314.0,11.269410421303094,5538318.0,8111240.0
6,9.0,29000624.0,9.140108865809385,8114134.0,11287031.0
7,10.0,29000860.0,23.081568640559798,11294297.0,12550748.0
8,12.0,28994606.0,10.736039071641216,12566678.0,15267358.0
9,13.0,28996966.0,12.438777011592867,15270158.0,17601333.0
10,14.0,29003692.0,12.636794183283389,17604198.0,19899376.0
11,15.0,29000152.0,8.369722773145915,19902172.0,23367060.0
12,17.0,28992718.0,17.72772425853514,23369919.0,25005364.0
13,18.0,28996730.0,199.7473943802655,25012446.0,25157613.0
14,19.0,28996848.0,217.06664670434554,25540642.0,25674227.0
15,21.0,28998146.0,63.16302766281856,26086550.0,26545650.0
16,22.0,29002040.0,77.45299067691823,26625564.0,27000011.0
17,23.0,28999562.0,97.17700556262984,27159595.0,27458015.0
18,24.0,29000034.0,60.44330737053163,27688301.0,28168090.0
19,26.0,29002630.0,25.150503441404208,28425360.0,29578523.0
20,27.0,28997556.0,61.89565221103501,29585547.0,30054038.0
21,28.0,29002984.0,87.7731931931326,30302730.0,30633161.0
22,31.0,28998382.0,86.29006983934273,30880087.0,31216144.0
23,36.0,28999916.0,63.96071477408569,31573284.0,32026686.0
24,37.0,29000152.0,76.00735957058689,32108260.0,32489804.0
25,38.0,28999326.0,61.04735700903101,32783563.0,33258593.0
26,39.0,28998028.0,74.84231201042702,33329992.0,33717447.0
27,41.0,29002276.0,9.592419011608563,33873855.0,36897313.0
28,42.0,28996848.0,17.15871047150161,36904463.0,38594383.0
29,43.0,28999444.0,17.137530729954616,38597110.0,40289270.0
30,45.0,29000742.0,15.801420456867312,40292053.0,42127378.0
31,48.0,28997910.0,5.309452623726944,42130175.0,47591738.0
32,49.0,29000506.0,29.385038615320077,47595021.0,48581935.0
33,51.0,29006406.0,63.154470022404,48584809.0,49044102.0
34,54.0,29001332.0,193.01023572788137,49295844.0,49446102.0
35,61.0,28999680.0,132.7787698140161,49846501.0,50064907.0
36,62.0,28999798.0,128.9292484706217,50390120.0,50615048.0
37,63.0,29004990.0,14.323366972640162,50966673.0,52991685.0
38,64.0,29010418.0,15.82024296620101,52994472.0,54828225.0
39,66.0,28998736.0,4.83931699241696,54831082.0,60823402.0
40,67.0,29004164.0,17.344363562212177,60826319.0,62498572.0
41,68.0,28997674.0,18.776766485057028,62501413.0,64045751.0
42,70.0,29001922.0,24.887944735261307,64048515.0,65213815.0
43,73.0,28999916.0,29.567011276279032,65216601.0,66197421.0
44,74.0,29004046.0,130.31192322553397,66201973.0,66424547.0
45,77.0,28994370.0,18.03743806202973,66764365.0,68371820.0
46,80.0,29002040.0,16.912999816885918,68376551.0,70091329.0
47,83.0,28998146.0,6.65562512021057,70094130.0,74451068.0
48,84.0,28996140.0,33.35938012321604,74455322.0,75324527.0
49,96.0,29004282.0,16.769823630628046,75501192.0,77230744.0
50,97.0,28993898.0,19.118137369647854,77233521.0,78750086.0
51,98.0,28997084.0,25.856893561431903,78752924.0,79874369.0
52,99.0,28997556.0,62.93705546958256,79877074.0,80337813.0
53,101.0,29002984.0,41.143478082003284,80434363.0,81139286.0
54,102.0,29001922.0,19.924554148944722,81388704.0,82844291.0
55,103.0,29006052.0,18.342309915301502,82964641.0,84546015.0
56,105.0,29002512.0,17.355196593410145,84548750.0,86219864.0
57,108.0,29005226.0,5.584332877169122,86222674.0,91416710.0
58,109.0,28994134.0,18.677370750602144,91424347.0,92976714.0
59,111.0,28998028.0,21.22436928229672,92979520.0,94345781.0
60,114.0,29004518.0,62.30242039420549,94348508.0,94814052.0
61,116.0,29000034.0,5.456366989545237,95075560.0,100390458.0
62,117.0,29002512.0,3.43637073901757,100393701.0,108833568.0
63,119.0,28997674.0,29.183162178808505,108836229.0,109829873.0
64,120.0,28995904.0,123.74912083034586,109836700.0,110071012.0
65,128.0,29002040.0,127.6503857851487,110480489.0,110707688.0
66,130.0,28996848.0,19.36766904135647,111064962.0,112562140.0
67,132.0,28999326.0,2.9285713925044403,112634686.0,122536895.0
68,136.0,29004636.0,18.75193857588214,122544515.0,124091269.0
69,138.0,29001686.0,31.819946874749707,124118775.0,125030206.0
70,139.0,29000152.0,63.72427310761875,125032892.0,125487980.0
71,140.0,28999090.0,4.737502281015563,125566201.0,131687378.0
72,141.0,28999562.0,2.272870536984747,131694516.0,144453519.0
73,143.0,29002158.0,4.274534703617712,144456347.0,151241216.0
74,144.0,28999916.0,7.909772688839551,151247740.0,154914080.0
75,145.0,29001332.0,4.586241496273217,154916760.0,161240311.0
76,148.0,29001804.0,8.395930948052975,161243210.0,164697479.0
77,149.0,28994252.0,147.0818850504743,164701405.0,164898535.0
78,150.0,29004872.0,12.24548323114998,165251024.0,167619642.0
79,153.0,29003456.0,15.686998380104766,167622553.0,169471438.0
80,156.0,29002866.0,5.664210725314489,169474255.0,174594627.0
81,157.0,28999798.0,21.664776339508833,174597366.0,175935935.0
82,159.0,28999798.0,10.240168222418003,175938631.0,178770596.0
83,160.0,29006524.0,46.16212310738078,178838520.0,179466882.0
84,161.0,28991066.0,21.002981169009463,179492914.0,180873245.0
85,165.0,28998146.0,4.909351660042568,180876071.0,186782787.0
86,168.0,28999090.0,17.289458465244117,186790647.0,188467917.0
87,170.0,29002158.0,18.88649475157316,188470559.0,190006162.0
88,173.0,28999208.0,15.52246456365428,190008808.0,191877017.0
89,177.0,28998264.0,6.550895030080574,191883740.0,196310351.0
90,181.0,29002040.0,7.72134610336398,196313512.0,200069598.0
91,182.0,29002158.0,6.255155104441455,200069680.0,204706201.0
92,187.0,29001922.0,9.427561306781445,204709127.0,207785418.0
93,189.0,29006878.0,39.93952386853374,207797694.0,208523964.0
94,193.0,28996376.0,34.428750887541646,208537694.0,209379908.0
95,196.0,28997084.0,9.632213093952089,209476375.0,212486803.0
96,199.0,29005934.0,15.712652706573696,212489958.0,214335982.0
97,201.0,29000270.0,15.820118202458533,214338731.0,216171857.0
98,202.0,28998972.0,15.604007896984069,216174743.0,218033174.0
99,203.0,28999090.0,15.786551504696103,218036012.0,219872961.0
100,205.0,29000034.0,7.2674977332951745,219875808.0,223866182.0
101,206.0,28995432.0,51.2115777593701,223872920.0,224439109.0
102,207.0,29000152.0,151.6569850749391,224630927.0,224822149.0
103,210.0,28999208.0,17.096150195549928,225183886.0,226880128.0
104,213.0,29001568.0,5.227867352742093,226882968.0,232430463.0
105,214.0,28993662.0,18.594715894004906,232433714.0,233992956.0
106,216.0,29000152.0,12.65502962788735,233996039.0,236287630.0
107,219.0,29000978.0,17.063423784080832,236290314.0,237989913.0
108,222.0,29000152.0,7.848699517902925,237992682.0,241687581.0
109,223.0,29002276.0,3.0511483831655473,241690746.0,251196110.0
110,225.0,29003456.0,35.30101606126552,252117746.0,252939350.0
111,228.0,28997202.0,136.20040300421323,253110306.0,253323207.0
112,231.0,28999916.0,16.624178963817656,253719558.0,255464000.0
113,235.0,28994724.0,5.084361218764286,255466878.0,261169605.0
114,238.0,28999326.0,18.383871771415965,261176827.0,262754260.0
115,242.0,28994134.0,20.50578486211313,262762859.0,264176808.0
116,245.0,29000860.0,21.216162139345084,264179439.0,265546362.0
117,249.0,28999208.0,16.605030545501602,265548961.0,267295372.0
118,252.0,28997084.0,121.66829886417516,267295551.0,267533880.0
119,256.0,29000270.0,161.0553469877377,267917786.0,268097850.0
120,258.0,28996494.0,121.10382358468895,268466844.0,268706279.0
121,261.0,29000860.0,6.503045913954697,269071485.0,273531066.0
122,265.0,28995668.0,6.425911906644588,273534098.0,278046402.0
123,270.0,29008176.0,6.470967487199461,278046469.0,282529288.0
124,271.0,29001450.0,8.656260372069257,282532197.0,285882541.0
125,275.0,29003456.0,6.683526195379054,285885561.0,290225105.0
126,278.0,29003102.0,6.820061345769287,290228042.0,294480658.0
127,281.0,28993780.0,4.621753458171889,294500100.0,300773429.0
128,283.0,29002866.0,8.25676161953186,301045837.0,304558457.0
129,286.0,28999090.0,11.550270145398567,304561261.0,307071946.0
130,288.0,28999090.0,18.875671165075527,307074670.0,308610991.0
131,292.0,29001922.0,9.660609310877792,308613878.0,311615958.0
132,296.0,28998146.0,49.41372153417262,311623319.0,312210163.0
133,298.0,28994842.0,144.6033025290131,312248619.0,312449132.0
134,299.0,28998028.0,165.22622147517166,312841690.0,313017195.0
135,300.0,28999208.0,122.99421911382366,313477792.0,313713569.0
136,302.0,28993544.0,6.870353392518415,315093390.0,319313485.0
137,303.0,29005108.0,16.064568191221095,319316206.0,321121739.0
138,304.0,28996494.0,17.364771362149565,321126431.0,322796277.0
139,306.0,28997320.0,18.99300272411031,322799003.0,324325740.0
140,309.0,29005344.0,8.357212501469446,324328579.0,327799275.0
141,310.0,29003692.0,17.134522554136723,327806039.0,329498744.0
142,312.0,29006052.0,16.781626911187598,329501381.0,331229822.0
143,315.0,28993780.0,17.23248699708233,331232470.0,332914977.0
144,318.0,29000978.0,5.625519833847146,332917648.0,338072901.0
145,319.0,29006760.0,7.524265938971673,338076049.0,341931144.0
146,321.0,28993308.0,5.188971927625412,341936500.0,347523986.0
147,322.0,28996848.0,17.900438052813268,347530978.0,349150874.0
148,326.0,29005580.0,18.226580678891207,349157561.0,350748950.0
149,330.0,28995432.0,6.922711743007556,350751717.0,354940167.0
150,333.0,29002276.0,61.85951313984912,354943026.0,355411867.0
151,337.0,29000034.0,79.79120591884968,355531014.0,355894463.0
152,340.0,28998972.0,191.54258010396507,356124225.0,356275622.0
153,344.0,28997084.0,78.45276668506433,356678540.0,357048152.0
154,348.0,28997084.0,18.97459112187755,357222242.0,358750448.0
155,351.0,28998972.0,15.395659650421193,358753083.0,360636664.0
156,354.0,29002748.0,15.936101190149126,360639692.0,362459632.0
157,358.0,28998264.0,5.728365581682198,362462834.0,367525057.0
158,361.0,28999562.0,3.21422584644591,367529450.0,376551704.0
159,366.0,29002158.0,9.182532955716573,377002383.0,380160788.0
160,369.0,28992128.0,17.749188519401457,380163997.0,381797431.0
161,373.0,28999444.0,18.977402061639783,381800218.0,383328322.0
162,376.0,29005698.0,16.833213879682415,383333674.0,385056797.0
163,381.0,28999562.0,139.18475855879205,385059358.0,385267711.0
164,384.0,29006288.0,188.24617261676846,385608196.0,385762283.0
165,387.0,28994842.0,137.21666579905067,386163749.0,386375056.0
166,389.0,28999680.0,5.388336093182825,386772883.0,392154819.0
167,393.0,29002276.0,7.097337483726348,392158335.0,396244695.0
168,396.0,29004754.0,7.863746857050212,396253678.0,399942092.0
169,399.0,29001922.0,9.490216725823885,399957672.0,403013653.0
170,402.0,28998854.0,6.569100493766697,403013726.0,407428159.0
171,404.0,29005108.0,6.37504464492749,407430988.0,411980777.0
172,406.0,28998028.0,13.267595400498163,411988037.0,414173665.0
173,410.0,29001922.0,35.981551372046916,414173749.0,414979771.0
174,411.0,29002158.0,5.076389247467289,414982596.0,420695743.0
175,413.0,28995314.0,4.322501481068707,422338291.0,429046285.0
176,416.0,29002040.0,44.4854772802572,429046393.0,429698337.0
177,418.0,29000506.0,187.0372907153729,430067347.0,430222399.0
178,420.0,29006288.0,14.090873231007192,430638370.0,432696886.0
179,421.0,28997320.0,15.9185902950207,432699664.0,434521265.0
180,422.0,28992364.0,15.602954148061523,434524005.0,436382138.0
181,423.0,29002394.0,15.565804642735234,436384887.0,438248099.0
182,425.0,28996494.0,5.550165204372221,438251125.0,443475563.0
183,426.0,29003692.0,27.42940852700129,443487924.0,444545318.0
184,427.0,29006642.0,62.33081488548798,444552176.0,445017542.0
185,430.0,28997910.0,16.665772014197962,445162865.0,446902833.0
186,433.0,29003928.0,5.171356065081082,446905551.0,452514124.0
187,434.0,29002866.0,14.734031792898593,452517258.0,454485685.0
188,436.0,29002748.0,19.596954516399745,454492301.0,455972263.0
189,439.0,28998618.0,19.300514682734335,455974948.0,457477427.0
190,442.0,28998618.0,14.335532706593522,457480120.0,459502969.0
191,444.0,29000742.0,120.02376409725815,459506216.0,459747841.0
192,445.0,28998854.0,2.8352751498844335,460114425.0,470342305.0
193,446.0,29004754.0,9.30433103361553,470524097.0,473641436.0
194,447.0,28999090.0,21.264507982506828,473646839.0,475010571.0
195,452.0,28995786.0,5.099411829259542,475013300.0,480699404.0
196,455.0,29002040.0,17.126271979138124,480699610.0,482393034.0
197,459.0,28999326.0,18.801478997611508,482395645.0,483938041.0
198,462.0,28997910.0,18.88851326264612,483943807.0,485479021.0
199,466.0,29001568.0,11.848018566883963,485484738.0,487932537.0
200,470.0,28998264.0,129.22807893188826,487939347.0,488163743.0
201,473.0,29004990.0,126.23323889229805,488491000.0,488720773.0
202,476.0,28998736.0,156.03553460642357,489062424.0,489248271.0
203,480.0,28996966.0,5.398081470040212,489626766.0,494998483.0
204,483.0,29002394.0,4.010035044813282,495001216.0,502233670.0
205,488.0,28998146.0,5.135119111390511,502236574.0,507883599.0
206,491.0,29003338.0,16.58200602029061,507886650.0,509635735.0
207,495.0,29002512.0,15.203187150750134,509638334.0,511545994.0
208,499.0,28994488.0,4.910316011807999,511548735.0,517453546.0
209,502.0,29000978.0,62.29106990970247,517460383.0,517925955.0
210,506.0,29000034.0,72.73137075901366,518002951.0,518401679.0
211,509.0,29004518.0,205.8415692619955,518642939.0,518783846.0
212,513.0,28998500.0,6.452321331543204,519206616.0,523700890.0
213,516.0,29002984.0,16.146101618674997,523703631.0,525499915.0
214,520.0,29005226.0,15.689440745168252,525502493.0,527351203.0
215,523.0,28995904.0,17.186098394236033,527353788.0,529040960.0
216,527.0,29004046.0,7.194165006658635,529043667.0,533075274.0
217,530.0,29001214.0,49.3705753474096,533078202.0,533665621.0
218,535.0,28996494.0,165.9379431507986,533670778.0,533845521.0
219,538.0,28998500.0,5.933613346164242,534290228.0,539177385.0
220,541.0,29004282.0,30.014945235986126,539191045.0,540157373.0
221,547.0,28993898.0,6.57568344801622,540160197.0,544569457.0
222,549.0,28998382.0,8.27227634367806,544572201.0,548077691.0
223,552.0,29000742.0,30.88658416964608,548085676.0,549024619.0
224,555.0,28999090.0,16.561520555205277,549028015.0,550779007.0
225,559.0,29004282.0,6.633924770963253,550789746.0,555161861.0
226,561.0,28999916.0,6.888074404720197,555164791.0,559374954.0
227,566.0,29009002.0,9.230933377797776,559385706.0,562528292.0
228,567.0,28996022.0,8.150841043259637,562531256.0,566088683.0
229,570.0,28996848.0,7.012033473766582,566092157.0,570227455.0
230,573.0,28998382.0,7.3872607986125445,570230270.0,574155728.0
231,574.0,29002512.0,12.350050162410385,574158604.0,576506976.0
232,577.0,29004282.0,4.126624565185565,576521720.0,583550293.0
233,580.0,29002040.0,4.109182072417965,584115445.0,591173307.0
234,581.0,28997438.0,68.3167112727821,591176769.0,591601225.0
235,584.0,29002866.0,15.172775197788969,592209724.0,594121231.0
236,590.0,28997556.0,14.93196936319567,594121486.0,596063464.0
237,606.0,29001568.0,15.963275442984465,596063524.0,597880292.0
238,610.0,29004754.0,10.397549304983983,597883178.0,600672754.0
239,611.0,29000152.0,17.754992187844383,600675631.0,602308983.0
240,613.0,29003456.0,7.175639972260797,602311802.0,606353735.0
241,614.0,29001804.0,23.603188348237683,606358281.0,607587005.0
242,615.0,28994370.0,16.359243130886945,607591799.0,609364153.0
243,617.0,29000742.0,15.981918850301197,609366861.0,611181458.0
244,620.0,29011480.0,5.374422130893199,611184177.0,616582242.0
245,621.0,29002512.0,19.23044565681534,616585398.0,618093554.0
246,623.0,28998146.0,19.298209677140274,618096329.0,619598963.0
247,626.0,29006288.0,43.09780486572744,619601614.0,620274648.0
248,629.0,29006170.0,32.60464708480913,620277246.0,621166879.0
249,630.0,28998146.0,190.69823691496288,621169452.0,621321515.0
250,632.0,29000270.0,2.7463900932381287,621752518.0,632311932.0
251,633.0,28998618.0,8.698834690566205,632318630.0,635652251.0
252,634.0,28999208.0,62.55140787651583,635655389.0,636118995.0
253,639.0,29000742.0,59.1651440532391,636272979.0,636763145.0
254,642.0,28999090.0,16.016340493782703,637669891.0,639480485.0
255,646.0,29000860.0,18.104502331353757,639483107.0,641084966.0
256,649.0,29005108.0,16.976446694565567,641087570.0,642796120.0
257,653.0,28997910.0,5.1042306208318315,642798788.0,648479940.0
258,656.0,28998382.0,19.054190513111987,648483061.0,650004951.0
259,660.0,29002040.0,40.21977869583366,650010733.0,650731822.0
260,663.0,28999916.0,62.54335669010971,650738617.0,651202294.0
261,667.0,29001568.0,21.665159898911348,651324786.0,652663413.0
262,670.0,29001450.0,3.1791789972449953,652666148.0,661788456.0
263,675.0,29001214.0,8.801037507844734,661793168.0,665088372.0
264,679.0,28998264.0,62.38721544885986,665092731.0,665557542.0
265,682.0,28999680.0,14.002357250428163,665730435.0,667801492.0
266,686.0,28998618.0,5.209303253023606,667804238.0,673370936.0
267,689.0,28999208.0,18.178449549036767,673375017.0,674970269.0
268,693.0,28995432.0,18.989079559095796,674972830.0,676499783.0
269,696.0,29004046.0,19.95423961561112,676502352.0,677955880.0
270,700.0,29006288.0,18.168651213715986,677962339.0,679558841.0
271,703.0,28999916.0,190.85546934128348,679561482.0,679713429.0
272,707.0,28999562.0,115.26928504139819,680146989.0,680398570.0
273,710.0,29001214.0,135.24793172597117,680720388.0,680934818.0
274,714.0,28999798.0,5.0367954364231275,681270938.0,687028527.0
275,716.0,29004164.0,3.507578183577216,687031238.0,695300238.0
276,722.0,29003338.0,6.19568727257502,695306724.0,699987938.0
277,725.0,28998028.0,16.411652612997667,699990599.0,701757516.0
278,729.0,29000978.0,15.680281197435658,701760095.0,703609614.0
279,733.0,28999326.0,5.677049056129506,703613922.0,708722091.0
280,736.0,28996848.0,42.13696583773761,708726467.0,709414624.0
281,740.0,29000034.0,51.00969886723422,709428035.0,709996555.0
282,743.0,28998146.0,123.26575670884893,709999137.0,710234386.0
283,747.0,28999916.0,8.487384490752529,710563333.0,713980159.0
284,751.0,28998264.0,16.161153061412158,713982701.0,715777020.0
285,754.0,28998854.0,15.97078332628388,715779607.0,717595351.0
286,757.0,28998146.0,15.419837772935285,717598063.0,719478637.0
287,761.0,29001450.0,6.147661133271026,719483352.0,724200829.0
288,764.0,28996494.0,61.72145782424712,724207901.0,724677697.0
289,769.0,28999916.0,29.679699845255737,724803532.0,725780628.0
290,772.0,29004282.0,9.580252663329928,725788111.0,728815618.0
291,775.0,29002512.0,16.458874537488935,728818498.0,730580618.0
292,780.0,29001686.0,5.056851574516135,730583315.0,736318442.0
293,783.0,29000860.0,18.779972595004416,736321570.0,737865814.0
294,787.0,29004400.0,17.348353532127266,737868410.0,739540292.0
295,790.0,28999208.0,62.467597818313415,739542851.0,740007079.0
296,794.0,29003692.0,5.9067323493155275,740084368.0,744994645.0
297,797.0,29004400.0,17.228231719015717,744997247.0,746680786.0
298,801.0,29001214.0,16.40309541733667,746686796.0,748454829.0
299,804.0,29002866.0,16.73396092948544,748458589.0,750191763.0
300,808.0,28999090.0,8.438367142178727,750197709.0,753634285.0
301,811.0,29000860.0,106.47557926504658,753640863.0,753913234.0
302,829.0,29002158.0,3.548335624082548,754677318.0,762850772.0
303,831.0,28998382.0,5.624397670981532,762857902.0,768013722.0
304,835.0,28994960.0,8.86669722641255,768017569.0,771287666.0
305,837.0,28997674.0,6.47879064789752,771293091.0,775768876.0
306,840.0,29003692.0,6.730016368100813,775768959.0,780078561.0
307,843.0,29001332.0,9.285195116211685,780081616.0,783205011.0
308,844.0,29004046.0,34.7506997095726,783217693.0,784052325.0
309,849.0,28998264.0,8.67536169448932,784375803.0,787718403.0
310,852.0,29003692.0,5.954549168665977,787725126.0,792595972.0
311,855.0,29000742.0,12.03958264401567,792598888.0,795007671.0
312,866.0,29001214.0,12.784391880752185,795010561.0,797279047.0
313,873.0,28997202.0,10.810876045074519,797279127.0,799961352.0
314,880.0,29003220.0,16.15788174746475,799961578.0,801756567.0
315,894.0,28999208.0,16.897513200814366,801759230.0,803475412.0
316,895.0,29005226.0,17.288231100811565,803478250.0,805155994.0
317,896.0,28999916.0,15.450001784746755,805158725.0,807035742.0
318,898.0,29000742.0,5.624103826833232,807038573.0,812195082.0
319,899.0,28999562.0,41.444286604432605,812197892.0,812897616.0
320,900.0,28999562.0,52.48846503310443,812903351.0,813455845.0
321,903.0,29000624.0,201.94295582418806,813491940.0,813635548.0
322,905.0,29001096.0,7.625596318816762,814096534.0,817899659.0
323,906.0,29002984.0,15.724095456041308,817902409.0,819746902.0
324,908.0,29003456.0,15.918707906209368,819749497.0,821571470.0
325,911.0,28998382.0,15.57059591995408,821574093.0,823436474.0
326,914.0,29000624.0,5.9077125157085755,823439110.0,828348053.0
327,916.0,29006052.0,61.43059367693402,828355065.0,828827241.0
328,917.0,28990594.0,4.260049926350698,828938733.0,835743957.0
329,918.0,28999090.0,12.158509169061409,835750967.0,838136053.0
330,919.0,28995078.0,18.91905446089159,838138657.0,839671243.0
331,924.0,29002630.0,8.021492885719304,839673875.0,843289490.0
332,928.0,29003810.0,59.42746089572056,843303031.0,843791085.0
333,931.0,28999444.0,156.69022828583007,843999730.0,844184805.0
334,934.0,29000978.0,23.804190052810686,844552082.0,845770396.0
335,938.0,28995550.0,5.172676157546077,845773142.0,851378664.0
336,941.0,29000270.0,15.162818396614854,851386019.0,853298610.0
337,945.0,28999680.0,22.40006179395578,853301371.0,854595996.0
338,948.0,29001804.0,19.574427129278348,854598672.0,856080289.0
339,952.0,29003456.0,7.3716878060633295,856083034.0,860017473.0
340,955.0,29004046.0,3.553219932008208,860020184.0,868182934.0
341,960.0,29002748.0,7.016539804324827,868202973.0,872336456.0
342,963.0,29000624.0,11.879245561251555,872339205.0,874780490.0
343,967.0,29000624.0,15.81911180325812,874783090.0,876616355.0
344,971.0,28997674.0,4.7839887181197875,876621845.0,882683246.0
345,974.0,29000388.0,18.945227467076574,882685992.0,884216741.0
346,978.0,28999090.0,11.818722013712593,884219324.0,886672981.0
347,981.0,28999326.0,62.276954199604425,886675586.0,887141237.0
348,985.0,29001568.0,33.56224012368753,887217934.0,888082047.0
349,988.0,28997438.0,17.455118624029875,888084876.0,889746133.0
350,992.0,29009002.0,15.631265114514676,889748724.0,891604556.0
351,995.0,29003338.0,15.91489583527674,891607163.0,893429565.0
352,999.0,29000506.0,5.548321690670392,893432137.0,898659034.0
353,1002.0,29006878.0,4.0190471519194295,898661711.0,905879063.0
354,1007.0,28997084.0,4.961041471805021,905882099.0,911727058.0
355,1010.0,29002866.0,18.658392165793668,911730100.0,913284514.0
356,1014.0,28998736.0,19.246063013029488,913287154.0,914793890.0
357,1018.0,29000978.0,13.377482765539844,914796469.0,916964364.0
358,1021.0,28998854.0,123.80503778337531,916971272.0,917205502.0
359,1025.0,28997202.0,13.487999173896622,917524076.0,919673928.0
360,1028.0,29002158.0,15.976993739137141,919676488.0,921491733.0
361,1032.0,29002866.0,5.625833680710399,921494371.0,926649672.0
362,1035.0,28998028.0,18.74365532598403,926652300.0,928199385.0
363,1039.0,29001686.0,19.04627450259277,928203886.0,929726582.0
364,1042.0,29000152.0,20.987957317955754,929737712.0,931119464.0
365,1046.0,28991420.0,9.122722774380218,931126339.0,934304274.0
366,1049.0,28996848.0,2.6920626951145263,934306987.0,945078225.0
367,1054.0,29001568.0,27.394885368049277,945080918.0,946139567.0
368,1058.0,28997556.0,73.52806219476943,946146282.0,946540656.0
369,1061.0,29001804.0,136.0699074313007,946701779.0,946914918.0
370,1065.0,28989886.0,5.2980471164365115,947273516.0,952745322.0
371,1069.0,29000270.0,17.086894297331582,953661809.0,955359032.0
372,1072.0,29006642.0,18.377639913682884,955361568.0,956939934.0
373,1075.0,28999916.0,18.72057778325769,956945092.0,958494185.0
374,1078.0,29002984.0,6.150869113216518,958496962.0,963212228.0
375,1082.0,29000388.0,15.594775712483505,963215833.0,965075455.0
376,1086.0,29007350.0,16.355373098394367,965079298.0,966852865.0
377,1089.0,29002394.0,16.96070237243096,966857568.0,968567544.0
378,1093.0,29001332.0,6.0659628520763675,968570270.0,973351264.0
379,1096.0,28999680.0,11.062018939911212,973353952.0,975975506.0
380,1101.0,29000742.0,5.554415503700774,975982426.0,981203631.0
381,1104.0,29005698.0,15.972608502917181,981206431.0,983022396.0
382,1108.0,29003574.0,17.53338882873864,983026494.0,984680685.0
383,1112.0,28997556.0,5.784071200337818,984685043.0,989698390.0
384,1115.0,28999680.0,62.504429242049994,989701178.0,990165140.0
385,1119.0,29000978.0,22.74938010029785,990289581.0,991564384.0
386,1122.0,29000978.0,17.78843153034236,991694872.0,993325200.0
387,1126.0,29001804.0,5.035881724567601,993327934.0,999086966.0
388,1129.0,29000506.0,16.34584614205307,999089730.0,1000863912.0
389,1133.0,29003928.0,19.271905035598362,1000866511.0,1002371496.0
390,1136.0,29004046.0,17.40095199927046,1002374067.0,1004040875.0
391,1140.0,29003338.0,27.141156136330245,1004043569.0,1005112180.0
392,1143.0,29002748.0,192.0393842079126,1005114845.0,1005265870.0
393,1148.0,29001450.0,2.934688929925257,1005715467.0,1015597758.0
394,1151.0,29001096.0,7.752771845349274,1015604493.0,1019345232.0
395,1154.0,29004518.0,61.614075561078714,1019352323.0,1019823068.0
396,1159.0,28997910.0,6.904277436718927,1020108651.0,1024308643.0
397,1162.0,28999916.0,33.72208733348218,1024312449.0,1025172417.0
398,1175.0,29002866.0,32.35136129999464,1025172473.0,1026068969.0
399,1192.0,29006642.0,6.3730131737368945,1026069768.0,1030621248.0
400,1199.0,29001804.0,10.205244254365022,1030657706.0,1033499559.0
401,1202.0,29005934.0,30.95035937753421,1033499620.0,1034436796.0
402,1205.0,28998382.0,64.09119580952802,1034439763.0,1034892218.0
403,1209.0,29005462.0,3.156272443400193,1035325866.0,1044515650.0
404,1212.0,29000506.0,9.02609679168319,1044518772.0,1047731734.0
405,1219.0,28998618.0,14.948342252935943,1047731916.0,1049671838.0
406,1227.0,28997674.0,11.737629974320862,1049674836.0,1052145324.0
407,1254.0,28999208.0,8.82831054704446,1052145580.0,1055430377.0
408,1268.0,28999326.0,21.701046912767247,1055430426.0,1056766736.0
409,1274.0,29004400.0,16.401817498084387,1056769653.0,1058538018.0
410,1275.0,29003574.0,17.483660217397595,1058540764.0,1060199660.0
411,1276.0,29001450.0,19.018366889236013,1060202443.0,1061727361.0
412,1278.0,28999208.0,12.476566217526699,1061730289.0,1064054583.0
413,1279.0,29002630.0,132.9280008066623,1064057319.0,1064275502.0
414,1280.0,29002866.0,15.406568924302789,1064604265.0,1066486765.0
415,1282.0,28995432.0,15.7947836318473,1066489479.0,1068325239.0
416,1285.0,28997910.0,5.169513431720424,1068328001.0,1073937409.0
417,1286.0,28998854.0,18.296280219235953,1073951574.0,1075536533.0
418,1288.0,29000388.0,18.830980574480076,1075539280.0,1077079316.0
419,1291.0,29001686.0,23.534445933971053,1077082030.0,1078314338.0
420,1294.0,29006406.0,7.147332637813261,1078317192.0,1082375546.0
421,1295.0,29003810.0,3.0467703959209733,1082378229.0,1091897755.0
422,1297.0,28996730.0,19.37347792477299,1091904562.0,1093401285.0
423,1299.0,28998618.0,125.01290280861336,1093408650.0,1093640615.0
424,1302.0,28997438.0,20.04127346591231,1094053096.0,1095499982.0
425,1306.0,28996140.0,5.130351270603314,1095696939.0,1101348821.0
426,1309.0,28999326.0,18.222673680255024,1101356579.0,1102947966.0
427,1313.0,29004518.0,18.184434166614942,1102950710.0,1104545729.0
428,1316.0,29000034.0,19.64363374284617,1104548334.0,1106024641.0
429,1320.0,28998500.0,7.616236344563748,1106029364.0,1109836822.0
430,1323.0,29004046.0,15.465640673440028,1109839885.0,1111715271.0
431,1327.0,28998264.0,15.946210761037225,1111717945.0,1113536450.0
432,1330.0,28998382.0,17.308106256214852,1113539075.0,1115214497.0
433,1334.0,28996730.0,5.530314979326686,1115219351.0,1120462584.0
434,1337.0,28995432.0,13.16442321662066,1120465270.0,1122667830.0
435,1342.0,29003456.0,5.161186169740439,1122674709.0,1128294242.0
436,1345.0,28996730.0,14.881336186766434,1128301042.0,1130249572.0
437,1349.0,29008766.0,19.0687318655285,1130249714.0,1131770988.0
438,1353.0,29003220.0,5.96031854982232,1131773591.0,1136639643.0
439,1356.0,28998618.0,50.46739911695246,1136646756.0,1137221357.0
440,1360.0,28997084.0,138.29933848112978,1137223956.0,1137433625.0
441,1363.0,29001922.0,159.65561812907026,1137787023.0,1137968676.0
442,1367.0,29004636.0,5.166181241993699,1138343733.0,1143958061.0
443,1370.0,28998264.0,15.494722128268714,1143961212.0,1145832705.0
444,1374.0,29002276.0,15.472080687503968,1145835410.0,1147709901.0
445,1377.0,29004872.0,18.04366829613022,1147712477.0,1149319959.0
446,1381.0,29005580.0,6.667497261679955,1149322697.0,1153672992.0
447,1384.0,29001214.0,3.299199499816788,1153844357.0,1162634736.0
448,1389.0,28999798.0,5.884892725775482,1162637569.0,1167565407.0
449,1392.0,28998618.0,15.318803724020183,1167742955.0,1169635963.0
450,1396.0,28999680.0,15.833469375275383,1169638561.0,1171470104.0
451,1400.0,29000860.0,5.535905582394357,1171472848.0,1176711532.0
452,1403.0,29000624.0,18.81244396931432,1176718746.0,1178260312.0
453,1407.0,28999444.0,26.358314526163856,1178263636.0,1179363837.0
454,1410.0,29001804.0,61.51592102695503,1179366420.0,1179837872.0
455,1414.0,29000860.0,4.9459711313931605,1179905111.0,1185768643.0
456,1417.0,29007232.0,18.832636483096405,1185771544.0,1187311808.0
457,1421.0,28995904.0,18.32816216520305,1187314395.0,1188896436.0
458,1424.0,29002984.0,18.99554305617321,1188899068.0,1190425899.0
459,1428.0,29001568.0,10.349452864716412,1190428628.0,1193230860.0
460,1433.0,28996966.0,57.63967853571947,1193238756.0,1193741829.0
461,1436.0,28998264.0,209.449360780065,1193841476.0,1193979926.0
462,1439.0,29001096.0,1.8469938095565326,1194412160.0,1210113943.0
