microseconds,job_id,Read Speed (MB/s),Write Speed (MB/s),Input File Size (Input Level),Input File Size (Output Level),Output File Size (MB)
5851437,6,290.0,289.0,215.2,0.0,214.4
11530542,11,268.6,267.1,215.2,214.4,427.3
16361896,19,281.5,280.1,215.2,233.0,446.0
20811819,27,358.2,356.4,215.2,251.7,464.5
21218923,32,380.6,378.5,64.7,64.7,128.8
21762053,33,385.4,383.9,64.7,128.8,192.8
25949256,37,266.4,265.1,215.2,194.3,407.5
26425412,39,309.0,308.2,64.8,64.7,129.2
27170268,40,277.6,276.6,64.8,128.0,192.1
27841826,42,316.0,314.9,64.7,129.5,193.6
31012368,45,274.2,272.7,215.2,213.2,426.2
31490964,47,308.7,306.5,64.8,64.8,128.6
32197223,48,296.7,294.8,64.8,129.5,193.0
32862057,50,317.0,315.9,64.7,129.5,193.6
35893741,53,287.3,285.9,215.2,231.9,444.9
36358497,55,323.7,321.1,56.3,75.3,130.6
36934930,56,362.3,360.7,64.8,128.9,192.7
37476950,58,390.9,388.4,64.8,129.5,193.1
38198300,59,387.2,385.0,64.7,193.9,257.2
40623361,62,302.0,300.5,215.2,194.3,407.5
41490220,64,322.9,321.0,64.8,190.9,254.2
42344890,66,318.8,316.7,64.8,193.0,256.0
43251777,67,381.7,379.9,64.8,256.0,319.3
45717228,70,281.1,279.7,215.2,213.2,426.3
46653985,72,301.7,299.7,64.8,193.4,256.4
47230596,74,320.6,318.4,37.8,130.6,167.1
48131599,75,380.9,379.1,64.7,255.6,318.8
49037987,77,385.0,383.0,64.8,256.4,319.5
50317631,79,344.8,343.1,215.2,194.3,407.4
50937409,81,353.6,350.5,64.8,129.6,192.6
52136742,82,289.0,287.2,64.8,257.4,320.2
53355825,84,287.5,285.5,64.7,259.1,321.5
55721627,87,259.7,258.4,215.2,213.1,426.1
56767620,89,266.5,264.2,64.8,189.7,252.2
58006631,91,271.0,269.1,64.8,247.4,309.9
59459454,93,265.6,263.7,66.0,292.3,355.7
61345553,95,253.6,252.3,215.2,230.7,443.6
62542722,98,284.1,281.9,64.8,255.5,317.8
63440850,100,269.2,267.2,43.1,183.2,224.7
64965703,101,271.3,269.4,64.7,321.5,383.5
66530351,104,265.5,263.6,64.7,323.8,385.7
68870022,106,254.5,252.8,322.9,206.3,525.5
69794257,109,282.9,280.5,64.8,180.4,243.2
70893068,110,254.6,252.2,64.8,194.3,256.6
72209265,112,265.1,262.9,64.7,259.0,321.0
73342030,114,259.4,257.3,47.0,223.3,268.1
75603072,116,260.6,259.0,269.0,284.3,549.9
76729632,119,283.2,280.6,64.8,224.6,286.7
78039330,121,264.6,262.2,64.8,256.5,318.3
79489257,123,276.9,274.6,64.8,307.9,369.5
80633918,125,271.3,269.0,47.9,237.0,282.5
83244756,127,257.0,255.2,322.8,307.7,626.0
84359220,134,257.6,254.4,64.8,194.3,255.9
85606775,136,273.0,270.3,64.8,250.7,312.3
86820632,138,278.3,275.6,64.8,247.5,309.2
88103604,140,272.3,269.6,64.7,259.1,320.6
91026268,142,250.9,249.2,322.9,367.0,685.0
91617929,151,238.5,237.3,64.8,64.8,128.9
92677916,152,260.4,257.2,64.8,188.7,250.4
93783403,154,275.0,272.6,64.8,194.3,256.7
94885457,156,272.2,269.0,64.8,217.1,278.5
96101656,158,275.6,272.5,64.8,250.4,311.6
99042493,160,242.4,240.7,322.9,352.7,670.9
99157333,168,238.4,234.7,3.5,9.0,12.3
100150795,169,278.1,274.2,64.8,194.3,255.6
101278257,171,250.1,246.7,64.8,190.8,252.1
102314704,173,276.5,272.7,64.8,199.5,260.8
103430428,175,270.7,268.1,64.8,218.7,280.7
104738488,176,255.0,251.9,64.8,244.4,305.4
107839871,179,244.9,243.0,376.7,343.4,714.4
108404739,187,270.8,269.5,64.8,64.8,128.9
109328810,189,246.9,243.9,64.8,149.0,211.2
110203874,190,240.9,239.4,58.4,135.6,192.8
111195888,192,281.9,278.7,64.7,194.3,256.1
112388511,194,250.2,248.9,64.7,211.2,274.5
115663800,196,250.4,248.4,376.7,396.9,767.5
116617345,205,239.0,237.7,69.9,129.5,198.3
117634305,207,256.0,251.8,64.8,175.9,236.7
118738325,209,253.3,249.2,64.8,194.3,254.9
119941550,211,270.1,266.1,64.7,236.7,297.0
121226717,213,269.9,268.4,64.8,257.0,319.9
124520357,215,247.7,245.8,376.7,373.8,744.6
125301350,225,284.7,282.2,64.7,129.5,192.6
126324376,226,270.0,265.6,64.8,191.4,251.9
127416307,228,256.5,254.8,64.8,194.3,257.3
128556998,230,259.9,256.6,64.8,209.8,271.1
129528768,232,238.6,237.1,45.7,167.4,211.8
132928036,234,254.2,252.3,376.6,439.9,810.2
133565664,245,243.1,243.0,64.8,64.8,129.5
134565295,246,278.4,274.1,64.7,194.3,255.0
135691626,248,254.1,251.9,64.8,198.4,260.9
136953632,250,275.7,271.6,64.8,254.9,315.0
138239307,252,264.7,260.6,64.8,250.2,310.0
139861166,254,213.3,210.2,64.8,257.4,317.3
141471468,256,214.4,212.8,0.0,430.5,427.3
142337297,257,114.1,112.4,64.8,259.1,319.0
142368555,258,114.8,114.0,64.8,260.9,323.6
142344668,259,114.1,113.2,64.6,259.0,321.2
145168273,262,287.0,285.4,534.9,194.3,725.1
145908132,265,298.3,294.8,64.8,127.7,190.3
146609114,267,303.2,300.8,64.8,129.5,192.8
148146950,269,264.6,260.9,64.8,316.7,376.2
149612302,271,283.5,279.9,64.8,319.8,379.7
151017845,273,296.6,294.4,64.8,321.2,383.2
154074405,275,270.7,268.6,376.6,401.3,771.8
154788507,295,297.9,294.6,64.8,129.5,192.1
155549411,296,268.7,265.3,56.5,129.5,183.6
156527570,298,285.8,283.2,64.7,194.0,256.3
156987157,300,289.0,287.1,26.7,95.7,121.6
158245376,301,271.9,268.1,64.8,254.2,314.5
159482755,303,281.8,279.8,64.8,257.5,320.0
162218581,305,272.4,270.3,376.6,323.8,695.1
163083707,316,256.4,253.1,64.8,129.5,191.8
164041205,318,286.7,283.2,64.8,188.9,250.6
165005876,320,286.0,284.5,64.7,194.3,257.7
166199463,321,285.1,282.3,64.8,250.5,312.2
167472963,323,269.0,265.9,64.7,252.3,313.4
170396020,325,252.7,250.9,322.8,371.2,689.2
170899387,334,308.5,305.3,64.7,64.7,128.2
171736879,335,291.6,289.2,64.7,161.2,224.1
172617506,337,304.5,299.4,64.8,181.9,242.5
173548834,339,296.6,293.4,64.7,194.3,256.2
174205052,340,260.4,257.7,33.1,121.6,153.2
175429316,342,282.5,279.7,64.7,255.2,316.8
178158837,344,303.5,293.7,64.8,64.8,125.4
177159459,350,276.3,274.1,376.7,332.3,703.4
179217707,352,274.2,270.4,64.8,191.8,253.0
180148417,354,300.5,297.5,64.7,193.0,255.1
181149372,356,275.4,272.4,64.7,194.3,256.2
182304885,357,286.2,284.5,64.8,241.1,304.0
183539202,359,278.3,274.9,64.7,253.0,313.9
187263099,361,93.9,91.7,64.8,64.8,126.5
186790564,364,93.9,92.1,64.7,64.8,127.1
186798246,365,93.9,90.9,64.8,64.8,125.4
186798324,366,93.9,91.9,64.8,64.8,126.8
186798592,367,93.9,91.7,64.8,64.8,126.4
186798505,368,200.0,198.6,322.8,379.6,697.6
187992803,370,303.2,299.1,50.7,129.6,177.9
188900033,372,300.2,295.3,64.8,187.2,247.9
190083611,374,276.9,274.5,64.8,239.3,301.5
191266533,375,285.5,282.4,64.7,247.4,308.7
192433183,377,290.9,287.4,64.7,248.5,309.5
196031557,379,131.6,127.5,64.8,64.8,125.5
193923733,381,131.5,129.3,64.7,64.8,127.3
193931328,382,143.9,140.5,129.5,64.8,189.7
194316104,383,225.1,223.4,376.7,387.8,758.5
196857095,386,267.1,263.9,64.8,119.6,182.1
197593520,388,287.3,285.1,64.8,129.5,192.8
198601275,390,273.8,271.8,64.8,194.3,257.2
199721143,391,302.1,297.8,64.8,248.0,308.2
200861170,393,304.1,300.8,64.8,255.1,316.4
204850840,395,95.1,92.3,64.8,64.8,125.8
202948480,397,95.1,94.2,64.8,64.8,128.4
203027287,398,95.1,93.3,64.8,64.8,127.1
203027373,399,95.1,94.1,64.8,64.8,128.2
203027401,400,95.1,92.3,64.8,64.8,125.8
203027468,401,215.3,213.6,376.7,434.6,804.8
205911250,404,284.2,281.2,64.7,191.5,253.5
206908505,406,279.5,275.2,64.8,188.8,249.7
207858710,408,294.7,292.2,64.8,192.8,255.4
208858884,410,280.2,277.6,64.8,198.2,260.5
210011787,411,288.2,285.7,64.8,242.6,304.8
212987541,413,151.5,150.0,64.8,244.7,306.6
213003218,415,187.6,186.2,0.0,430.5,427.3
213444388,416,116.0,114.4,64.8,249.7,310.3
213531399,417,126.2,124.6,64.7,289.6,349.9
213867060,418,144.3,143.5,64.8,386.7,448.8
216881118,421,276.7,275.2,534.9,222.0,752.5
217168964,425,184.2,180.2,14.1,23.6,36.9
217818427,426,302.5,300.4,64.8,117.4,180.9
218805371,427,268.5,264.3,64.7,180.7,241.7
219914794,429,300.3,295.5,64.8,243.5,303.3
220438013,431,298.7,295.9,26.0,112.1,136.8
221670628,432,304.4,301.0,64.7,285.1,346.0
222955017,434,297.6,293.6,64.7,288.5,348.6
228585011,436,54.6,53.7,64.8,64.8,127.5
225880445,438,54.6,52.6,64.8,64.8,125.0
225880271,439,54.6,52.6,64.8,64.8,125.0
225880548,440,54.6,52.8,64.8,64.8,125.4
225880575,441,54.6,52.5,64.8,64.8,124.7
225880377,442,52.8,51.5,64.8,60.9,122.6
225845384,443,54.4,52.5,64.8,64.8,125.0
225933139,444,57.0,55.3,72.0,64.8,132.6
225880411,445,60.4,59.4,64.8,82.2,144.7
226337610,446,65.9,64.4,64.8,98.4,159.4
226424991,447,62.8,60.8,64.8,115.7,174.7
226439577,448,144.1,140.4,64.8,117.3,177.5
227192994,449,152.7,148.2,64.8,123.1,182.3
227200306,450,154.0,150.0,64.8,124.7,184.6
227200375,451,143.6,142.4,376.7,388.7,759.2
229089587,455,301.8,298.2,35.6,47.5,82.2
230065453,456,285.1,282.3,64.8,189.7,251.9
230992414,458,304.7,301.0,64.8,194.3,255.9
231979851,459,272.9,270.3,54.0,194.3,245.9
233213474,461,271.1,268.6,64.8,245.7,307.5
235977522,463,122.1,121.0,64.8,251.9,313.8
235984960,465,208.5,207.0,0.0,430.5,427.3
236820432,466,113.2,112.1,64.8,259.1,320.6
236812936,467,112.1,111.0,64.8,255.9,317.6
236820512,468,113.2,112.1,64.8,259.1,320.8
239767091,471,280.0,278.4,534.9,216.3,746.8
240332001,474,260.6,258.5,34.7,89.5,123.3
241442966,476,271.5,268.4,64.7,216.5,278.1
242580380,478,292.0,289.2,64.7,238.5,300.3
243803793,480,280.3,276.6,64.8,249.0,309.6
245009444,482,282.5,278.8,64.8,246.3,307.0
246242150,484,284.7,281.9,64.8,256.0,317.7
248275292,486,223.9,222.2,0.0,430.5,427.3
249563074,487,118.9,117.4,64.8,310.7,370.7
249952561,488,134.1,132.8,64.8,408.7,469.0
250083867,489,140.0,138.9,64.8,447.2,508.0
253106482,493,267.6,266.1,534.9,194.0,724.8
254313597,496,297.6,293.9,64.8,259.0,319.9
255517236,498,291.6,288.1,64.7,259.0,319.9
256743184,500,286.0,282.3,64.7,259.1,319.7
257953473,502,286.2,282.5,64.7,254.9,315.5
261177534,504,112.8,109.4,64.8,62.4,123.3
261185280,506,176.0,173.9,64.7,300.4,360.8
262917723,507,206.5,205.0,0.0,430.5,427.3
262925737,508,99.8,96.9,64.8,64.8,125.7
261159910,509,99.8,96.3,64.8,64.8,125.0
263383048,510,99.8,96.9,64.8,64.8,125.8
262568943,512,101.6,100.4,64.7,303.8,364.2
262561101,513,103.4,102.5,54.0,333.2,383.7
262568983,514,122.0,120.9,64.8,445.1,505.3
266571392,517,282.0,280.1,588.7,217.6,800.8
267609883,520,273.7,269.5,58.5,194.3,248.9
268822506,522,271.9,267.5,64.7,241.2,301.0
270049114,524,281.5,278.3,64.8,255.1,316.3
271308280,526,277.9,274.2,64.7,259.0,319.4
272750285,528,272.9,269.5,64.8,300.7,360.9
276674351,530,77.4,74.7,64.8,64.8,125.0
275983486,532,158.4,157.2,0.0,430.5,427.3
277774206,533,68.0,65.4,64.8,120.6,178.2
277774297,534,66.9,65.1,64.8,117.5,177.4
275975703,535,97.4,95.8,64.7,296.1,354.6
275990925,536,96.9,95.8,64.8,364.2,423.9
275990790,537,100.2,99.0,64.8,378.6,438.3
278203668,538,120.2,119.2,64.8,518.2,578.0
281670157,542,261.6,259.8,588.7,224.2,807.3
282725804,546,272.9,269.5,63.3,189.4,249.5
283687284,548,293.4,290.3,64.8,194.3,256.4
284816545,550,279.4,275.7,64.8,231.3,292.1
285594921,551,289.9,285.5,44.8,160.3,202.0
286843119,553,278.7,274.1,64.8,259.1,318.5
291054230,555,119.8,114.8,64.8,64.8,124.2
290461069,557,49.3,47.7,64.8,64.8,125.5
292351061,558,49.1,47.0,64.8,64.8,123.8
290453151,559,49.1,47.0,64.8,64.8,123.8
292658729,560,163.2,162.0,0.0,430.5,427.3
288817434,561,98.2,97.0,64.8,301.0,361.3
290461096,562,58.4,56.4,64.7,122.6,180.8
290461042,563,86.4,85.3,64.8,319.4,379.3
291062153,564,95.5,94.5,64.8,388.5,448.5
293392837,565,117.7,116.7,64.8,575.4,634.5
297149055,570,265.1,263.0,642.5,245.7,881.1
297697560,574,286.6,283.4,64.8,64.7,128.1
298813856,575,278.2,273.6,64.8,224.8,284.8
300100975,577,271.5,267.7,64.8,259.1,319.4
301418707,579,280.7,276.4,64.8,277.4,337.0
302860136,581,278.5,274.8,64.8,307.4,367.4
308078108,583,220.2,218.6,0.0,430.4,427.3
305553446,585,66.3,63.4,64.8,64.8,124.0
308786858,586,41.5,40.0,64.8,64.8,125.0
307768548,587,41.5,40.2,64.8,64.8,125.7
308086059,588,41.5,39.4,64.8,64.8,122.9
309301223,589,53.7,51.9,64.8,112.7,171.6
306773209,590,53.4,52.9,31.5,184.8,214.0
305553501,591,77.7,76.5,64.8,292.4,351.6
308559040,592,53.6,52.9,30.3,189.8,217.4
306765418,593,68.9,68.1,42.0,292.1,330.0
306773275,594,86.9,85.6,64.8,375.4,433.6
307580250,595,92.6,91.6,64.8,448.0,507.3
314471516,600,192.0,190.5,642.5,259.0,894.3
315654948,604,48.7,46.0,64.8,64.8,122.4
315647388,605,48.0,45.9,64.8,62.7,121.9
315655101,606,48.7,46.0,64.8,64.8,122.4
315655025,607,48.7,46.4,64.8,64.8,123.3
315655071,608,48.7,46.2,64.8,64.8,122.9
316206153,609,57.7,56.0,64.8,94.6,154.5
316239707,610,53.4,51.8,64.8,106.8,166.3
316247427,611,59.1,57.4,64.8,125.0,184.6
316247612,612,59.1,56.4,64.8,125.0,181.3
316247535,613,58.3,57.0,64.8,122.9,183.6
316247485,614,56.3,54.2,64.8,116.1,174.1
317220896,617,263.1,258.4,64.8,129.5,190.8
318175901,619,294.1,290.6,64.8,194.3,256.0
318565634,621,227.0,224.8,16.3,64.8,80.3
320529535,622,195.9,193.0,64.8,259.1,318.9
325540689,624,179.2,177.9,0.0,430.5,427.3
325548461,625,76.6,75.6,64.8,314.6,374.3
324861078,626,64.3,63.4,64.8,289.8,349.5
322199530,627,80.3,79.5,64.8,377.8,438.0
325633079,628,65.2,64.2,64.8,296.6,355.9
325548523,629,73.2,72.5,64.8,351.6,412.3
325864169,630,87.3,86.3,64.8,450.3,509.3
326567609,632,97.7,96.7,64.8,493.5,552.5
336930556,638,46.3,44.3,64.8,60.6,120.1
331954104,641,47.8,45.8,64.8,64.8,124.2
331961843,642,47.8,45.4,64.8,64.8,122.9
331961721,643,47.4,44.9,64.8,63.6,121.7
331961779,644,53.9,51.8,64.8,89.7,148.7
332118554,645,58.0,56.3,64.8,112.7,172.3
333076174,646,48.0,45.7,64.8,116.7,172.7
333085138,647,50.1,48.2,64.8,125.0,182.5
333093079,648,50.3,49.1,64.8,125.5,185.7
333085391,649,49.7,48.2,64.8,123.3,182.6
333093138,650,50.2,49.1,64.8,125.4,185.8
333085358,651,53.5,51.2,64.8,126.5,182.8
335772481,654,53.1,51.5,64.8,125.8,184.5
335796078,655,53.0,51.9,64.8,125.8,186.7
335769411,656,55.7,53.1,64.8,127.1,183.1
335761562,657,56.2,54.6,77.9,125.8,197.9
335772711,658,55.0,52.8,64.8,129.5,186.6
336930528,659,58.2,55.5,64.8,129.5,185.2
336930478,660,56.2,53.9,64.8,129.5,186.3
336930366,661,58.2,55.7,64.8,129.5,185.9
336930448,662,54.3,51.9,64.8,128.2,184.6
336930403,663,53.9,51.4,64.8,127.3,183.0
336922583,664,97.1,96.3,696.3,230.3,918.6
338543591,667,70.6,68.0,64.8,119.8,177.7
338543733,668,70.5,67.6,64.8,117.9,175.1
338535852,669,102.6,102.1,0.0,269.0,267.8
338543674,670,74.4,71.2,64.8,129.5,186.0
338543426,671,69.9,66.7,64.8,118.1,174.5
338748971,672,112.5,109.2,64.8,129.5,188.7
339499219,675,261.2,260.4,64.8,64.8,129.1
340190772,676,281.6,276.9,64.8,114.2,176.0
340779530,678,266.5,262.7,48.9,96.8,143.7
341617082,679,261.3,258.3,64.8,135.7,198.1
342550659,681,290.5,285.7,64.8,185.5,246.2
343630845,682,259.4,256.3,64.8,194.3,256.0
350584367,684,78.8,75.9,64.8,129.5,187.1
346833543,686,78.8,76.4,64.8,129.5,188.3
346833585,687,73.9,71.2,64.8,118.2,176.1
346833447,688,75.5,72.1,64.8,122.0,178.5
346825664,689,62.9,59.9,64.8,129.5,184.9
347514071,690,62.9,60.9,64.8,129.5,187.9
347528338,691,62.9,60.6,64.8,129.5,187.1
347528463,692,66.6,64.1,64.8,144.7,201.6
347536248,693,249.4,248.5,0.0,215.2,214.4
349856802,697,172.3,170.5,590.6,545.8,1124.9
351441826,700,252.7,249.1,64.8,90.5,153.1
352110569,702,287.2,284.9,64.8,111.3,174.7
352868964,703,279.9,275.3,64.8,129.5,191.2
353615732,705,284.4,279.8,64.8,129.5,191.1
354355808,707,280.4,276.1,64.8,129.5,191.3
355128605,708,278.4,276.3,64.8,129.5,192.8
355916228,710,290.0,285.1,64.8,145.0,206.3
356704309,711,249.0,245.0,50.5,129.5,177.1
358302303,713,177.4,175.5,64.8,194.3,256.3
360122906,715,156.3,155.3,0.0,376.6,374.2
360730350,716,86.8,85.6,64.8,194.3,255.5
360737718,717,86.8,85.6,64.8,194.3,255.5
360737651,718,86.8,85.8,64.8,194.3,255.9
360834818,719,94.1,93.2,64.8,225.8,287.9
361194494,720,113.0,112.3,64.8,323.2,385.5
364988143,725,268.2,265.9,696.2,232.3,920.7
365783672,729,284.4,280.5,64.8,129.5,191.6
366678306,731,266.1,262.3,64.8,153.2,214.8
367618791,733,279.5,273.8,64.8,176.9,236.8
368683712,734,280.2,275.9,64.8,211.4,271.8
369920783,736,276.9,272.9,64.8,252.5,312.7
373293972,738,131.5,129.8,64.8,256.0,316.8
374842075,740,142.5,141.5,0.0,430.5,427.3
373669739,741,88.4,87.4,49.1,282.5,328.1
375206394,742,91.6,90.6,64.8,303.1,364.0
374849741,743,94.3,93.3,64.8,325.0,385.4
374438518,744,101.0,100.0,64.7,385.4,445.7
375199314,745,86.1,85.4,64.8,320.6,382.0
378501696,749,275.9,274.1,588.7,223.8,807.0
379597323,752,264.9,262.6,64.8,194.3,256.9
380762180,754,272.9,268.3,64.8,229.2,289.0
381997197,756,262.2,257.8,64.8,235.2,294.9
383358110,758,280.5,276.4,64.8,289.0,348.6
384688944,760,296.1,291.5,64.8,299.3,358.4
388741244,762,59.5,56.0,64.8,64.8,122.0
388712124,764,58.2,54.4,64.8,61.9,118.4
390426982,765,59.5,56.6,64.8,64.8,123.2
390464080,766,59.5,56.8,64.8,64.8,123.8
387424179,767,66.1,62.9,64.8,109.3,165.7
387424289,768,54.0,52.0,64.8,118.8,176.7
387424250,769,125.0,124.1,0.0,430.5,427.3
387414150,770,71.1,70.5,41.8,230.1,269.6
390577927,771,87.4,86.3,64.8,379.1,438.2
388675965,772,91.8,90.7,64.8,406.8,466.0
388693575,773,96.9,96.0,64.8,444.1,504.0
394162278,777,265.8,264.0,588.7,247.0,829.9
395428282,781,276.5,272.0,64.8,255.9,315.4
396711606,783,274.2,269.8,64.8,259.0,318.6
397969213,785,282.2,277.8,64.8,259.0,318.8
399401310,787,277.6,273.3,64.8,304.3,363.5
403059069,789,65.1,61.5,49.7,55.0,98.8
403059114,791,56.3,53.2,64.8,64.8,122.3
405707344,792,178.8,177.5,0.0,430.5,427.3
405722645,793,112.1,110.6,64.8,318.6,378.3
404916638,794,91.6,90.3,55.2,309.7,359.6
405763573,795,88.5,87.7,64.8,353.4,414.5
403036645,796,86.3,85.3,64.8,363.4,423.2
403029159,797,93.4,92.1,64.8,403.4,462.1
406304244,798,107.7,106.6,64.8,530.7,589.6
409978194,803,255.2,253.3,642.5,191.6,827.8
413155532,807,46.5,45.2,19.7,35.7,53.9
413147920,808,71.5,68.3,64.8,109.9,166.8
412424923,809,55.3,53.3,64.8,108.0,166.6
413155631,810,52.9,50.2,64.8,101.0,157.2
413155437,811,63.6,60.5,73.5,125.0,189.1
411138249,812,60.6,57.3,64.8,125.0,179.6
413155499,813,60.7,58.0,64.8,125.4,181.7
413155701,814,58.0,54.8,64.8,116.5,171.2
413155582,815,59.7,57.4,64.8,122.4,180.0
413155653,816,56.2,54.1,64.8,111.4,169.6
413155722,817,60.0,57.1,64.8,123.3,178.9
414401372,820,261.6,257.1,64.8,194.3,254.6
415591849,822,284.2,280.1,64.8,248.8,309.0
416770259,824,284.1,280.0,64.8,244.2,304.5
418815464,826,128.5,126.8,45.9,189.8,232.6
421988074,828,160.9,159.8,0.0,430.4,427.3
420611042,829,88.1,87.1,64.8,323.8,384.2
422425705,830,107.9,106.7,64.8,424.4,483.5
422567105,831,93.8,92.8,64.8,388.6,448.5
422574660,832,96.9,96.0,64.8,414.5,475.0
422108308,833,98.4,97.0,64.8,423.2,481.3
426111611,838,264.2,262.4,588.7,244.0,827.0
427226913,841,260.8,257.1,64.8,194.3,255.5
428307900,843,266.3,261.0,64.8,201.0,260.5
429548548,845,281.6,277.5,64.8,259.1,319.2
430812813,847,277.1,272.3,64.8,259.1,318.2
435153508,849,122.9,121.2,64.8,304.5,364.3
435184258,851,83.8,80.0,64.8,123.8,180.0
438619168,852,143.4,142.3,0.0,430.5,427.3
437671894,853,59.8,57.7,64.8,123.8,182.1
439218817,854,59.1,56.0,64.8,121.9,176.8
435192716,855,82.0,77.8,64.8,129.5,184.5
435168881,856,81.5,80.3,64.8,385.0,443.4
435192082,857,65.8,63.4,60.1,129.5,182.7
439538707,858,67.1,63.8,64.8,129.5,184.6
438222300,860,67.1,63.5,64.8,129.5,183.9
438222107,861,64.8,62.5,64.8,122.9,180.9
437664033,862,69.8,68.9,64.8,384.2,443.0
438222161,863,73.2,72.5,64.8,447.8,507.7
438214143,864,83.8,83.0,64.8,548.2,607.2
448198047,869,49.1,46.8,21.6,56.2,74.2
445404758,872,42.4,40.2,64.8,59.4,117.7
445851015,873,52.2,49.0,64.8,97.1,152.0
446671502,874,45.8,43.2,64.8,124.2,178.3
446671594,875,45.2,43.0,64.8,121.7,177.4
446663133,876,47.0,44.1,64.8,129.5,182.4
446671652,877,45.3,42.9,64.8,122.4,177.5
446671624,878,47.0,44.3,64.8,129.5,183.0
446671558,879,47.0,44.2,64.8,129.5,182.6
446715454,880,50.9,48.3,64.8,148.7,202.5
443982867,881,68.7,65.8,24.3,64.8,85.4
446866471,882,54.4,51.6,64.8,171.1,223.9
448283199,884,119.2,118.1,696.3,243.9,931.9
446779710,886,58.0,55.5,64.8,172.3,226.7
449617245,887,68.5,65.5,64.8,176.5,230.6
451095033,888,48.2,45.1,64.8,109.0,162.8
450483614,889,56.7,53.9,64.8,137.7,192.6
451095009,890,61.5,58.6,64.8,181.8,234.6
451094957,891,59.8,56.7,64.8,180.8,233.1
451094936,892,58.5,56.1,64.8,179.6,234.4
451094819,893,57.9,54.7,64.8,177.7,228.8
450491228,895,58.6,55.3,64.8,180.0,231.1
451087050,896,58.2,55.1,64.8,178.3,230.1
451094754,897,62.4,59.3,64.8,180.0,232.4
452043978,900,288.8,284.7,64.8,124.7,186.8
455105450,902,112.5,111.0,51.3,112.4,161.5
457180148,903,161.7,160.5,0.0,430.5,427.3
457187941,904,74.6,73.5,64.8,249.1,309.2
457187894,905,61.6,61.0,64.8,194.3,256.4
457165617,906,56.9,56.2,64.8,195.7,257.1
457590914,907,55.4,54.8,59.4,194.3,251.1
455182683,908,64.9,63.9,64.8,259.1,318.7
457760777,909,70.8,69.9,64.8,297.3,357.4
458351113,910,108.8,107.5,64.8,251.6,312.6
458170058,915,88.8,87.9,64.8,443.0,502.7
462243168,921,269.0,266.8,642.5,302.9,937.7
462984892,925,289.6,284.3,52.1,129.5,178.3
464028280,926,267.6,263.4,64.8,194.3,255.0
465055950,928,273.5,270.0,64.8,194.3,255.7
466098394,930,272.9,266.7,64.8,194.3,253.2
467315762,932,268.8,265.3,64.8,234.8,295.6
468576782,934,286.6,281.7,64.8,243.6,303.2
472486993,936,158.5,157.4,0.0,430.5,427.3
471464835,937,83.0,82.3,34.0,192.4,224.3
472512219,938,86.0,84.6,64.8,253.9,313.4
471472396,939,103.5,102.6,64.8,321.2,382.6
473167759,940,115.7,114.6,64.8,438.8,498.8
473371196,941,113.9,112.6,64.8,453.3,512.1
477028433,949,259.2,257.4,588.7,268.7,851.4
478040300,953,255.6,251.0,64.8,163.3,224.0
479284709,955,253.2,248.4,64.8,227.9,287.1
479703523,957,274.4,269.8,21.7,77.5,97.6
480364764,958,253.5,249.2,32.1,119.1,148.6
481750240,960,271.9,268.3,64.8,287.6,347.7
484340388,962,191.1,187.8,64.8,303.3,361.9
489430893,964,57.1,56.4,20.3,153.5,171.6
486069588,965,141.3,140.2,0.0,430.4,427.3
489438618,966,60.1,56.0,64.8,129.5,181.0
489823560,967,50.8,47.1,64.8,99.5,152.1
489909996,968,52.5,48.9,64.8,123.9,175.6
486062039,969,53.0,50.3,64.8,125.7,180.6
488139738,973,70.3,69.5,64.8,353.9,414.2
488139941,974,71.8,71.1,64.8,384.4,445.0
488139908,975,75.9,75.3,64.8,437.4,497.9
488132438,976,81.5,80.5,64.8,483.1,540.8
490069389,977,83.2,82.5,64.8,388.5,449.4
499092552,983,52.2,49.0,64.8,101.9,156.4
496081052,986,44.8,42.3,64.8,129.5,183.3
497282213,987,44.8,42.2,64.8,129.5,182.8
497289868,988,44.8,42.1,64.8,129.5,182.3
497289834,989,44.8,41.8,64.8,129.5,181.0
497289776,990,44.8,41.5,64.8,129.5,179.9
497289901,991,48.4,45.8,64.8,150.1,203.3
497444026,992,48.8,47.0,64.8,152.0,208.6
497452329,993,48.8,46.3,64.8,152.2,205.7
497452376,994,50.4,47.9,64.8,161.4,215.0
497452435,995,49.9,47.2,64.8,159.2,211.6
497452405,996,59.3,56.4,22.7,64.8,83.2
500555501,998,106.5,105.6,696.3,194.3,883.0
502414937,1000,53.8,50.5,64.8,164.1,214.6
501750537,1001,47.3,44.9,64.8,134.5,188.9
502424673,1002,50.4,47.4,64.8,164.5,215.7
502425069,1003,48.5,46.0,64.8,171.2,224.0
502424964,1004,50.9,48.5,64.8,175.3,228.9
502424868,1005,49.3,46.4,64.8,175.1,225.6
502425211,1006,48.9,45.9,64.8,173.0,223.6
502425013,1007,52.5,49.8,64.8,182.5,234.5
502425038,1008,52.9,50.4,64.8,184.5,237.2
499030860,1009,52.9,50.3,64.8,184.6,237.2
502685438,1011,72.3,68.7,64.8,185.2,237.4
503892521,1014,259.5,255.6,64.7,161.7,223.1
509199573,1016,62.3,61.7,21.4,64.8,85.3
505366085,1017,57.8,57.2,28.6,162.3,189.0
510080327,1018,130.3,129.3,0.0,430.5,427.3
510088182,1019,50.2,49.6,64.8,188.3,249.9
510088219,1020,51.7,51.0,64.8,238.8,299.2
510145830,1021,54.5,53.9,64.7,255.1,316.2
507399541,1022,55.2,54.4,64.8,259.0,319.2
510488788,1023,57.7,57.1,64.8,278.1,339.2
510404725,1024,60.1,59.4,55.7,315.4,366.9
510396479,1025,69.8,69.1,64.8,365.9,426.6
507399471,1026,66.6,65.7,64.8,352.6,411.8
514120494,1034,263.4,261.6,588.7,259.1,842.0
514997906,1038,258.5,252.7,64.8,129.5,190.0
515958489,1040,291.5,287.2,64.8,194.3,255.3
516954156,1042,274.0,271.3,64.8,190.5,252.8
517937611,1043,286.2,282.2,64.8,194.3,255.4
518934403,1045,273.7,270.0,56.6,194.3,247.5
521259424,1047,195.1,192.7,64.8,302.6,362.7
523372817,1049,135.0,134.0,0.0,430.5,427.3
525110302,1050,64.9,64.0,29.2,185.3,211.7
525202029,1051,72.3,67.9,64.8,116.8,170.7
523473216,1052,74.5,70.1,64.8,121.2,174.9
525597504,1053,63.1,58.2,64.8,119.8,170.3
524116586,1054,58.1,54.1,64.8,121.6,173.4
524634021,1055,80.6,79.7,64.8,322.8,383.2
524124614,1056,86.7,85.5,64.8,363.9,423.0
524641647,1057,113.6,112.6,64.8,541.3,600.6
529104501,1061,265.1,263.3,588.7,238.0,820.9
530065474,1065,289.8,285.7,64.8,180.3,241.7
531318749,1066,270.4,266.9,64.8,249.8,310.5
532509501,1068,278.4,274.9,64.8,241.2,302.2
533762803,1070,275.5,271.2,64.3,255.1,314.4
535029434,1072,263.0,260.9,49.2,259.1,305.8
541122039,1075,146.0,144.9,0.0,430.5,427.3
538501452,1076,74.2,69.8,64.8,165.3,216.4
541553647,1077,50.5,47.1,64.8,129.5,181.0
541534641,1078,49.0,46.9,64.8,124.0,180.5
539450652,1079,50.4,47.1,64.8,129.5,181.3
539441382,1080,58.0,54.5,64.8,163.0,214.3
541814796,1081,78.1,76.9,64.8,371.2,429.7
539450688,1082,77.3,76.1,64.8,387.5,445.5
539515501,1083,75.8,75.0,64.8,378.8,438.9
538944694,1084,84.8,84.0,64.8,453.4,513.5
545781044,1089,253.2,251.1,642.5,253.9,889.2
549720269,1093,58.9,55.1,52.6,118.2,159.7
549720337,1094,47.6,44.2,64.8,122.0,173.5
549671669,1095,48.0,44.3,64.8,123.6,174.1
549736063,1096,53.5,50.5,64.8,148.0,200.6
550251116,1097,54.7,51.5,64.8,174.9,225.3
550251285,1098,54.3,51.1,64.8,174.5,224.9
550251450,1099,54.3,51.8,64.8,176.8,230.4
550251260,1100,51.1,48.0,64.8,158.8,209.9
550251210,1101,54.6,51.4,64.8,174.5,224.9
550243403,1102,54.2,50.9,64.8,172.4,222.9
550251402,1103,57.4,53.5,82.2,173.1,238.0
551512482,1106,268.4,264.3,64.8,194.3,255.2
552707485,1108,268.1,264.4,64.8,228.7,289.5
553224937,1110,283.5,280.0,35.1,95.2,128.7
554982377,1111,184.5,181.9,64.8,235.4,296.0
558195656,1113,155.0,153.9,0.0,430.5,427.3
558195570,1114,81.9,80.6,64.8,259.1,318.8
558187617,1115,79.5,78.4,64.8,249.6,310.0
557000902,1116,79.0,77.7,64.8,247.5,307.3
558379551,1117,90.4,89.6,64.8,309.4,370.8
558572431,1118,91.9,91.1,64.8,331.4,392.5
562536962,1127,256.8,254.8,588.7,335.9,917.7
563666336,1131,267.3,262.6,58.5,194.2,248.3
564999584,1133,262.6,258.8,64.8,259.0,319.0
566245547,1135,284.6,279.4,64.8,259.0,317.9
567574279,1137,280.6,277.0,64.8,279.9,340.2
569869024,1139,188.2,186.4,64.8,306.1,367.4
573282959,1141,161.4,160.2,0.0,430.5,427.3
573860938,1142,77.2,76.6,28.7,258.2,284.7
571477010,1143,70.4,69.2,53.2,254.0,302.2
573853657,1144,78.7,77.5,64.8,323.8,382.4
574893080,1145,77.5,76.6,64.8,317.9,378.1
572567851,1146,83.0,81.9,64.8,319.0,378.7
574749244,1148,78.8,77.8,64.8,297.7,357.5
574749326,1149,95.2,94.3,64.8,500.4,559.3
580028980,1155,179.8,178.5,642.5,194.3,830.5
581355880,1159,53.7,49.3,64.8,84.0,136.6
581454825,1160,58.2,53.6,64.8,102.1,153.5
582402296,1161,49.9,46.7,58.5,127.8,174.4
582402053,1162,52.0,48.1,64.8,129.5,179.8
582402319,1163,56.1,51.8,64.8,145.2,194.0
582386995,1164,54.0,50.7,64.8,136.9,189.4
582402191,1165,52.0,48.5,64.8,129.5,181.3
582521943,1166,59.4,55.4,64.8,164.4,213.6
582522029,1167,55.9,53.0,64.8,150.9,204.4
582514387,1168,57.8,54.6,64.8,158.7,211.3
582522123,1169,59.4,55.3,64.8,165.1,214.1
583614075,1172,300.7,296.6,64.8,183.8,245.2
584647018,1173,271.7,265.7,64.8,194.3,253.3
585703011,1175,270.0,265.6,64.8,198.2,258.6
585871541,1177,260.7,258.2,7.9,25.6,33.2
586221157,1178,266.2,262.9,19.3,64.8,83.0
589580018,1179,131.9,129.8,64.8,259.0,318.9
589624162,1181,57.8,57.3,29.3,126.6,154.3
591958378,1182,158.6,157.5,0.0,430.5,427.3
589632097,1183,105.6,104.5,64.8,411.5,471.6
591509563,1184,89.8,88.8,61.6,382.9,439.0
592728658,1185,99.3,98.3,64.8,496.5,555.1
592754287,1186,122.2,120.8,64.8,295.6,356.2
592728584,1191,102.2,101.1,64.8,518.2,577.0
597970894,1195,176.8,175.5,642.5,194.3,830.5
599448245,1199,44.3,41.7,32.4,95.4,120.3
600631007,1200,55.6,50.8,64.8,100.9,151.5
601216140,1201,52.2,48.8,64.8,149.3,200.3
601208052,1202,57.1,53.1,64.8,177.4,225.3
601216312,1203,56.1,52.8,64.8,194.3,243.5
601224417,1204,51.7,48.6,64.8,174.1,224.5
601224349,1205,52.8,49.3,64.8,178.9,227.8
599349002,1206,55.8,52.6,64.8,194.3,243.9
601224255,1207,54.5,51.3,64.8,189.4,238.9
601216037,1208,54.5,51.9,64.8,189.1,241.9
601224394,1209,55.6,52.7,64.8,194.3,245.6
602226800,1213,287.5,283.9,64.8,142.9,205.1
603241383,1214,276.1,271.4,64.8,194.3,254.6
605218555,1216,167.9,165.7,64.8,244.8,305.5
608670755,1218,170.7,169.5,0.0,430.4,427.3
608205868,1219,66.2,65.7,21.1,207.6,226.9
606799964,1220,84.2,82.8,64.8,259.1,318.3
608213546,1221,65.6,64.9,34.6,219.1,251.2
609564294,1222,72.7,71.6,64.8,248.1,308.0
609571931,1223,96.5,95.6,64.8,433.5,493.2
607767580,1224,100.4,99.3,64.8,453.3,512.8
613544694,1234,255.1,253.2,588.7,321.4,903.3
618548941,1238,62.8,58.9,48.9,129.5,167.3
618549059,1239,54.8,51.0,64.8,173.4,221.6
616532093,1240,54.4,50.7,64.8,194.3,241.2
618540484,1241,54.4,50.8,64.8,194.3,241.6
618549031,1242,54.4,50.9,64.8,194.3,242.1
618549085,1243,53.9,49.7,64.8,169.6,216.0
618549005,1244,53.8,50.4,59.3,174.4,218.8
618549187,1245,51.7,48.5,64.7,181.3,230.9
618549234,1246,49.3,46.8,64.8,169.7,222.7
618549104,1247,52.3,48.6,64.8,184.0,231.2
618549260,1248,54.6,51.3,64.8,194.3,243.7
619490631,1250,138.8,136.8,47.0,186.4,230.0
619823162,1251,155.6,153.1,64.8,259.0,318.5
620969529,1254,253.1,249.1,64.8,148.4,209.8
624018831,1256,157.7,157.6,0.1,15.5,15.6
625651399,1257,158.5,157.3,0.0,430.4,427.3
626389069,1258,83.4,81.7,64.8,176.0,235.8
626864277,1259,58.8,58.0,64.8,194.3,255.6
623857856,1260,68.6,67.5,64.8,288.3,347.6
626925773,1261,69.7,68.7,64.8,323.8,383.4
626871897,1262,83.2,82.4,64.8,399.4,459.7
627206233,1263,73.5,72.5,64.8,351.1,410.3
621097680,1264,83.2,82.4,64.8,428.4,488.2
633887269,1274,148.9,147.7,642.5,273.1,908.2
636048494,1278,50.2,46.9,64.8,166.3,216.0
636056986,1279,47.4,44.1,64.8,182.6,230.2
636057165,1280,49.6,46.1,64.8,194.3,240.9
636056644,1281,47.4,44.3,64.8,182.8,231.1
636056861,1282,47.0,43.7,64.8,180.5,228.1
636056589,1283,47.5,44.0,64.8,183.1,229.9
636056696,1284,49.0,45.8,64.8,190.8,238.8
636056735,1285,47.4,44.1,64.8,182.4,230.0
636064568,1286,50.7,47.3,64.8,200.6,247.5
636064798,1287,52.2,48.9,64.8,208.6,255.8
636064620,1288,51.3,48.7,64.8,203.3,254.3
637246956,1291,242.7,238.8,64.8,145.7,207.1
638271637,1293,248.7,245.1,64.8,171.0,232.3
639375551,1295,256.7,253.0,64.8,194.3,255.3
643862927,1297,132.7,131.8,0.0,430.5,427.3
644547260,1298,65.7,64.6,64.8,216.0,275.9
644547326,1299,63.8,63.1,39.7,269.6,306.0
644596330,1300,66.4,65.0,64.8,259.1,317.2
642801672,1301,65.0,64.4,64.8,250.5,312.0
644849054,1302,70.6,69.6,64.8,282.8,342.6
644533049,1303,69.9,68.9,64.8,297.1,356.7
645461914,1304,95.4,94.4,64.8,488.2,547.3
648941109,1314,282.9,280.9,588.7,285.6,868.0
650101060,1317,247.8,244.5,64.8,190.6,252.0
651334659,1319,278.3,274.6,64.8,252.4,312.9
652563106,1321,275.8,273.0,64.8,248.1,309.8
653795381,1323,281.3,276.9,64.8,255.6,315.4
657291533,1325,161.3,160.1,0.0,430.5,427.3
657378260,1327,100.4,98.9,64.8,265.3,325.3
659953981,1328,56.7,56.2,28.6,129.6,156.7
657273317,1329,64.8,64.1,36.1,198.1,231.9
658743657,1330,80.5,79.5,64.8,316.7,376.8
662267255,1331,68.7,64.8,50.7,115.1,156.5
661158311,1332,90.7,83.6,64.8,166.2,212.8
664076680,1333,83.7,82.9,64.8,470.1,529.7
659961617,1338,61.8,60.8,64.8,380.3,437.6
660063814,1339,66.3,61.5,64.8,166.4,214.6
663438439,1342,63.8,59.2,64.8,172.7,220.4
663452774,1343,65.8,60.4,64.8,179.9,224.8
663452834,1344,58.3,54.4,64.8,194.0,241.6
663460405,1345,70.0,64.9,64.8,172.4,220.2
663527147,1349,71.4,66.4,64.8,200.3,246.6
664015858,1350,68.5,64.1,64.8,196.4,244.1
664015950,1351,67.7,62.8,64.8,194.3,240.1
664015699,1352,67.7,62.6,64.8,194.3,239.5
663994193,1353,86.0,79.3,64.8,160.6,207.6
664051136,1355,65.6,64.9,64.8,536.9,595.7
664536136,1356,98.5,91.2,64.8,146.9,195.9
677696905,1359,56.2,50.9,64.8,131.2,177.6
669761241,1361,59.5,55.1,53.0,155.4,193.1
669791511,1362,54.5,50.7,57.2,159.2,201.6
670874864,1363,62.5,57.7,64.8,183.6,229.2
670880332,1364,54.8,50.2,64.8,153.4,199.8
669791412,1365,70.3,65.3,64.8,216.4,261.2
669791468,1366,36.4,33.6,49.0,129.5,164.6
669776784,1367,49.7,46.0,64.8,179.0,225.5
670880387,1368,51.7,47.8,64.8,194.3,239.4
671587895,1369,55.2,51.4,64.8,211.3,257.3
670880425,1370,49.4,46.3,64.8,194.3,242.6
669799286,1371,58.9,54.8,37.6,129.5,155.5
677455241,1374,66.3,61.8,64.8,221.6,267.0
674920475,1375,66.7,62.3,64.8,227.8,273.4
674905507,1376,64.9,60.9,64.8,221.3,268.5
674920544,1377,65.5,61.3,64.8,222.9,269.4
672799397,1378,68.8,64.0,64.8,198.9,245.3
674920425,1379,63.5,59.2,64.8,210.9,257.3
675926261,1380,64.0,60.1,64.8,246.1,291.5
674928491,1381,56.9,53.3,64.8,240.4,285.8
677082571,1382,66.8,63.1,64.8,248.7,296.0
676477818,1383,131.0,130.3,0.0,269.0,267.7
677107382,1385,69.4,64.5,64.8,220.3,265.0
677131315,1386,40.6,37.5,75.9,218.2,271.8
677553603,1388,125.3,117.8,64.8,249.8,295.8
677115522,1389,78.8,78.1,750.1,220.3,961.2
678312180,1397,315.4,312.9,22.6,27.2,49.4
678959801,1399,280.3,275.6,57.3,111.7,166.1
679750571,1400,298.8,295.9,64.8,129.5,192.4
680450837,1402,299.6,297.1,64.7,131.0,194.1
681351882,1403,255.7,251.5,64.8,147.6,208.9
682306100,1405,280.8,277.6,64.8,182.5,244.4
683307154,1407,280.9,277.8,64.8,194.3,256.2
690746669,1409,113.1,106.3,64.8,259.0,304.3
687829575,1410,110.0,103.9,64.7,257.7,304.6
686837467,1411,71.9,67.6,50.2,213.6,248.0
686817963,1412,81.7,76.6,64.8,259.0,303.8
687770917,1413,69.3,64.9,64.8,223.8,270.3
688408403,1414,68.9,64.8,64.8,259.0,304.6
687308051,1415,237.0,236.1,0.0,215.2,214.4
689114425,1419,162.2,160.6,590.6,557.5,1136.4
691410177,1425,308.8,304.8,64.8,64.8,127.9
692178439,1426,273.1,270.2,64.8,129.5,192.2
692951384,1428,274.3,269.7,64.8,129.5,191.0
693764170,1430,254.7,251.4,64.8,129.5,191.7
694539851,1431,273.8,269.0,64.8,129.5,190.9
695296046,1433,280.6,275.8,64.8,129.5,191.0
696037718,1434,286.4,281.4,64.8,129.5,190.9
696895934,1436,292.3,288.1,64.8,148.0,209.7
699874844,1438,136.6,133.7,40.1,129.5,166.0
699247738,1439,170.8,169.6,0.0,376.7,374.2
699820099,1440,95.8,94.4,64.8,192.8,253.9
699858848,1441,94.9,93.4,64.8,194.3,255.0
698229222,1442,91.3,90.5,64.8,192.4,254.9
699882528,1443,97.8,96.6,64.8,209.7,271.0
700077975,1444,106.8,105.9,64.8,256.2,318.3
703997624,1446,249.5,247.6,642.4,254.3,889.8
704673830,1450,246.9,244.1,64.8,76.7,139.8
705655416,1452,269.2,266.3,64.8,178.9,241.0
706620000,1454,291.5,288.2,64.8,194.1,255.9
707645631,1456,278.5,275.2,64.8,203.4,265.1
708326318,1457,292.2,285.9,42.1,137.5,175.7
709146874,1459,284.8,281.2,38.9,176.4,212.6
712986644,1461,163.9,162.7,0.0,430.5,427.3
712054679,1462,98.8,97.4,64.8,295.4,355.0
713804672,1463,86.2,85.2,64.8,305.8,366.2
713813544,1464,89.4,88.6,64.8,319.7,381.1
714347686,1465,93.5,92.6,64.8,385.3,445.9
714340173,1466,92.1,91.2,64.8,378.7,439.0
717969662,1471,249.1,247.4,588.7,225.9,809.0
719269211,1475,274.7,271.2,64.8,256.4,317.2
720632800,1477,251.3,248.1,64.8,252.4,313.1
721963433,1479,270.3,266.1,75.5,257.4,327.7
723320493,1481,257.8,254.1,64.8,259.0,319.2
727082857,1484,169.7,168.5,0.0,430.5,427.3
726316758,1485,101.2,99.7,64.8,285.8,345.3
729135553,1486,88.1,87.4,28.0,272.7,298.2
731536059,1487,89.1,88.0,64.8,309.5,369.7
731546754,1488,49.7,45.4,39.1,108.5,134.8
727310580,1489,77.4,76.7,64.8,445.9,505.6
731639425,1498,61.4,57.2,64.8,194.3,241.0
732070897,1499,61.4,57.0,64.8,194.3,240.5
731546718,1500,67.4,66.8,57.7,448.6,502.0
731546681,1501,64.1,59.7,64.8,205.7,251.7
731546795,1502,52.9,49.0,64.8,163.9,212.0
731514664,1506,52.9,49.2,64.8,173.5,221.4
732883006,1507,80.7,73.7,64.8,166.5,211.2
733283898,1508,51.5,48.2,64.8,206.9,253.8
732940978,1509,54.1,50.2,64.8,224.4,268.0
732161318,1511,50.1,46.4,64.8,218.9,262.8
733741891,1513,135.2,124.4,64.8,160.6,207.3
733299704,1514,141.0,133.0,64.8,232.5,280.4
746535114,1517,76.7,71.3,64.8,238.9,282.1
740439858,1518,72.2,67.4,64.8,257.8,301.0
739061573,1519,69.7,65.2,64.8,280.7,323.6
740214569,1520,59.6,55.9,56.4,245.6,283.0
739081369,1521,59.7,55.7,64.8,242.1,286.6
740364986,1522,54.1,50.8,64.8,259.0,304.3
741068701,1523,46.2,43.0,64.8,216.0,261.2
741736441,1524,59.8,56.3,64.8,287.7,332.1
739096719,1525,56.8,53.2,64.8,283.6,326.1
739326280,1526,51.5,48.2,64.8,259.0,303.0
740439958,1527,46.2,43.4,68.7,264.5,312.6
740439909,1528,70.1,65.8,42.4,194.3,222.1
744144077,1531,105.4,105.0,0.0,215.2,214.4
745677413,1532,80.6,75.7,64.8,289.2,332.5
745669624,1533,69.6,65.7,45.3,208.7,239.6
743607355,1535,91.6,85.9,64.8,301.3,343.0
744201299,1536,86.7,81.4,64.8,283.0,326.9
745188386,1537,89.8,84.3,64.8,301.0,343.3
744693223,1538,79.7,75.4,64.8,300.7,345.6
744749851,1539,57.8,54.2,64.8,294.9,337.5
744684524,1540,56.5,53.0,64.8,289.7,332.4
743687921,1542,88.0,87.1,803.9,259.1,1051.7
747524589,1560,294.2,289.5,64.8,95.9,158.1
748214178,1561,278.2,274.8,64.8,111.0,173.5
748909304,1563,305.1,299.7,64.8,129.5,190.8
749294232,1564,254.3,250.4,27.6,57.0,83.4
750031943,1566,295.0,292.8,64.8,136.6,199.9
753179981,1567,136.4,134.0,64.8,147.0,208.0
754293983,1569,216.7,215.3,0.0,376.7,374.2
754126169,1570,54.5,54.0,46.8,136.6,181.6
753195380,1571,63.4,62.6,64.8,156.9,218.7
754842488,1572,65.1,64.1,64.8,194.3,254.9
754764018,1573,64.8,64.1,64.8,194.3,256.0
754858723,1574,63.6,62.9,64.7,194.3,256.0
754929795,1575,79.6,78.8,64.8,259.1,320.6
755115938,1576,75.1,74.3,64.8,259.0,320.0
761474646,1583,214.9,212.8,750.0,264.8,1005.2
764526415,1587,24.5,23.5,18.6,64.8,79.9
763207731,1588,54.8,50.9,64.8,215.0,259.7
764804269,1589,58.7,55.0,61.3,244.1,285.9
764804354,1590,59.3,55.0,64.8,243.5,286.2
765978227,1591,65.6,64.4,64.8,122.0,183.3
765869997,1592,65.1,61.3,64.8,313.5,356.5
765955335,1593,93.7,91.3,64.8,129.5,189.3
765970103,1594,63.3,59.8,64.8,332.5,375.2
765568532,1595,53.5,50.2,64.8,285.1,327.8
766524969,1596,30.4,28.4,38.0,167.3,191.9
765714504,1597,55.6,52.5,64.8,311.4,354.7
765003487,1599,47.5,44.5,64.8,259.0,303.1
765654974,1601,52.6,49.9,64.8,322.0,366.5
769284565,1605,68.7,67.9,9.2,52.1,60.5
770418228,1606,180.6,179.3,0.0,430.5,427.3
770432746,1607,62.4,61.6,64.8,89.1,152.0
770440426,1608,63.0,62.2,64.8,129.5,191.8
770986319,1609,63.0,62.4,64.8,129.5,192.4
770527522,1610,74.9,73.9,64.7,194.3,255.8
769204959,1611,91.1,90.3,73.3,257.6,328.0
771017553,1612,82.6,81.7,80.7,256.0,332.9
771010179,1613,91.4,90.4,64.7,309.4,370.1
767635880,1614,88.6,87.7,64.8,298.9,359.9
774492341,1621,275.5,273.8,534.9,323.9,853.3
775307341,1624,308.4,305.7,64.8,152.5,215.3
776124045,1626,297.6,292.6,64.8,158.2,219.2
777180435,1628,274.9,272.1,64.8,208.0,270.0
778260992,1629,279.9,275.9,64.8,214.0,274.8
779583405,1631,252.8,250.5,64.8,245.2,307.2
782985163,1633,161.7,160.5,0.0,430.5,427.3
782985033,1635,99.8,98.8,64.7,254.1,315.7
784146543,1636,92.2,91.1,64.7,279.0,339.6
784165140,1637,101.3,100.3,64.8,320.3,381.4
784613059,1638,100.4,99.3,64.8,359.9,420.0
784813314,1639,113.0,112.0,64.8,434.8,495.1
788199337,1643,261.4,259.7,588.7,205.6,789.0
789409010,1647,249.7,245.8,64.7,203.4,263.9
790373611,1649,269.2,265.1,55.5,183.3,235.2
791640342,1651,268.8,264.7,64.8,255.8,315.7
792852113,1653,284.0,280.1,64.8,259.1,319.4
793625765,1655,294.5,290.8,37.0,175.9,210.2
797127512,1656,98.4,97.3,48.8,274.8,320.0
797127367,1658,157.9,156.8,0.0,430.5,427.3
800230970,1659,79.7,72.2,64.8,156.3,200.2
801057547,1660,62.8,57.9,60.0,194.3,234.4
799684474,1661,92.7,91.9,64.8,416.3,476.7
797153653,1662,78.0,77.1,64.8,380.5,439.8
798500391,1663,80.3,79.4,64.8,393.4,453.3
801842906,1664,60.4,56.2,10.9,45.6,52.5
806378673,1676,77.5,76.8,64.8,464.7,524.6
807560852,1677,62.6,57.8,52.9,207.1,240.1
804393751,1678,73.8,68.8,64.8,265.0,307.4
810621196,1679,86.7,80.9,64.8,278.2,320.1
811329707,1680,61.0,55.6,64.8,176.2,219.7
804420922,1681,44.6,41.1,64.8,214.6,257.6
808344772,1683,58.4,54.6,64.8,276.4,318.9
801669031,1684,42.2,39.0,64.8,247.8,289.0
806389438,1685,25.8,23.3,64.8,129.5,175.3
804432110,1686,47.8,44.3,64.8,259.0,300.2
806347857,1688,31.4,29.1,64.8,258.8,300.2
808998950,1689,85.7,79.9,64.8,292.5,333.0
813985746,1690,84.5,79.5,64.7,291.5,335.0
814056839,1693,29.9,27.7,64.8,259.0,299.6
814179807,1694,77.6,77.0,642.5,194.3,830.4
814144989,1695,29.5,26.8,64.8,194.3,235.6
814162512,1697,83.8,83.4,0.0,269.0,267.8
811259490,1698,42.0,39.2,64.8,286.6,328.0
811096336,1699,43.3,40.2,64.8,254.2,296.0
816960126,1700,41.0,38.3,64.8,282.9,324.5
816109181,1702,155.7,153.9,64.8,129.5,192.1
816617815,1703,97.9,92.3,64.7,304.3,347.8
814118305,1705,39.4,36.3,64.8,222.7,265.1
816967366,1707,48.9,45.7,64.8,289.5,330.9
816691825,1708,71.0,66.7,64.8,301.7,344.4
815450847,1709,39.6,36.9,64.8,289.0,329.9
815340428,1711,64.3,60.1,64.8,293.2,335.1
818102686,1715,286.9,283.9,64.8,154.4,216.8
818944600,1716,291.8,287.0,64.8,161.0,222.0
819883047,1718,300.7,297.5,64.8,194.3,256.3
822639214,1720,63.3,62.5,40.3,129.5,167.6
822639171,1721,140.3,139.3,0.0,376.7,374.2
823410894,1722,94.9,94.0,42.0,274.1,313.3
823594737,1723,87.5,86.8,64.8,235.2,297.4
823418822,1724,100.7,99.5,64.8,280.5,340.9
823700743,1725,85.0,83.9,64.8,241.8,302.7
823387529,1726,101.1,100.0,64.8,310.2,371.2
827702787,1734,269.4,266.9,749.5,229.9,970.7
828507908,1739,282.6,279.3,64.8,129.5,192.0
829342234,1740,288.1,284.2,64.8,156.1,217.9
830304676,1742,291.2,287.2,64.8,194.3,255.5
831288062,1744,290.2,285.3,64.8,202.9,263.1
832421942,1745,263.1,258.7,64.7,211.1,271.2
835181519,1747,104.7,103.3,57.1,215.0,268.5
836944166,1749,63.0,61.9,33.5,129.5,160.4
838050032,1750,114.8,113.9,0.0,430.5,427.3
836951943,1751,58.8,58.1,38.1,183.7,219.1
838062383,1752,78.0,76.8,64.8,282.5,342.0
836952005,1753,79.3,78.4,64.7,309.6,370.2
838093180,1754,79.2,78.4,64.8,321.1,381.9
838254677,1755,81.9,81.1,64.8,344.6,405.3
838264485,1756,86.1,85.0,64.7,367.4,427.0
841583166,1760,244.6,243.3,534.9,194.3,725.2
844243298,1763,83.8,76.0,64.8,174.3,216.6
848095822,1764,91.0,84.1,64.8,259.0,299.2
848855872,1765,87.0,80.3,64.8,259.0,298.8
848496749,1766,87.9,86.6,64.8,209.2,269.7
851553126,1767,40.1,36.7,61.2,201.6,240.3
851246550,1768,63.1,62.7,14.2,129.5,142.7
848863979,1769,47.9,44.3,64.8,259.0,299.0
845594345,1770,43.1,39.6,64.8,234.2,274.6
852913003,1771,31.6,28.8,53.3,180.5,213.3
845550491,1772,30.5,28.3,46.3,182.8,212.5
848124007,1773,85.9,85.0,64.8,327.9,388.4
846436192,1775,88.9,87.9,64.8,269.7,330.9
849066528,1777,34.2,31.4,64.8,242.6,282.4
852912825,1778,30.5,28.0,64.8,239.4,279.2
848114899,1780,115.8,115.0,0.0,376.6,374.2
850843933,1781,88.1,87.5,12.9,137.2,149.2
853430294,1783,83.6,82.9,64.8,500.1,559.8
851571558,1784,28.8,26.5,64.8,259.0,298.7
853326432,1787,101.7,100.2,64.8,222.0,282.6
853239043,1788,98.2,96.8,64.8,220.4,281.0
852865865,1792,99.2,98.3,64.8,438.6,498.8
857132638,1795,259.3,257.2,589.4,244.7,827.5
858160291,1799,268.5,264.7,64.7,194.3,255.4
860330774,1800,86.2,84.8,25.9,89.6,113.6
861710809,1802,130.8,129.2,64.8,200.6,262.2
860305974,1803,98.6,97.2,64.7,218.8,279.7
862187526,1804,94.9,93.6,64.7,251.1,311.4
864695666,1805,107.0,106.1,42.1,342.9,381.7
864834250,1806,149.7,148.9,0.0,322.8,321.0
863168316,1807,98.0,97.0,64.8,495.1,554.3
863893498,1816,98.6,97.7,64.8,498.8,558.1
867901373,1818,78.4,77.4,64.8,350.6,410.4
867877553,1820,98.3,97.4,64.8,512.5,571.7
872713033,1825,77.2,71.1,64.8,259.0,298.1
869689323,1826,70.2,65.0,64.8,255.8,296.6
877946903,1827,67.7,62.5,64.8,265.1,304.6
876228467,1828,42.1,38.8,64.8,245.7,286.0
869206058,1829,43.0,39.6,64.8,259.0,297.9
876776242,1831,41.4,37.7,54.7,174.8,209.0
872849822,1832,37.3,34.5,64.8,263.3,303.6
874142574,1833,29.7,27.4,64.8,259.0,298.8
870469992,1834,54.3,50.1,64.8,267.7,306.6
879005010,1835,27.5,25.3,64.8,240.1,280.2
874034098,1838,42.2,38.9,64.8,259.0,298.4
877705094,1839,79.4,73.4,64.8,269.7,309.4
877301466,1841,88.2,87.5,536.2,241.5,771.8
876228381,1842,50.5,47.1,64.7,272.4,314.1
877780288,1844,26.0,24.0,64.8,259.0,298.8
880551679,1846,176.0,175.2,0.0,269.0,267.8
877312807,1847,156.1,144.9,64.8,281.4,321.4
879833583,1849,25.5,23.6,64.8,275.9,315.5
880278178,1850,62.7,58.1,64.8,278.6,318.1
878686784,1852,59.0,54.8,64.8,279.6,319.4
881919079,1853,45.8,42.6,64.8,276.8,317.3
878554006,1855,64.1,59.6,64.8,282.1,322.7
882247808,1856,76.7,71.4,64.8,295.8,335.4
882622855,1857,72.8,67.6,64.8,303.0,341.6
883774092,1862,245.2,242.2,64.8,138.9,201.1
884752105,1864,272.2,269.3,64.8,181.2,243.4
887770450,1866,78.7,77.9,15.3,55.7,70.3
887779994,1867,88.5,87.4,58.6,194.2,249.5
888866290,1868,148.4,147.4,0.0,376.7,374.2
886045672,1869,83.9,82.7,64.8,230.5,291.2
888992539,1870,90.9,90.2,50.3,275.3,323.1
889165868,1871,91.6,90.5,64.7,272.2,332.9
889247421,1872,93.9,92.7,64.8,299.0,359.3
888942002,1873,98.3,97.5,64.8,323.8,385.4
893687846,1880,249.8,247.5,749.5,259.1,999.3
904684360,1885,102.6,100.6,64.8,181.9,241.9
899822440,1886,122.8,121.2,64.7,194.3,255.6
900846032,1887,49.2,45.4,49.1,202.6,232.2
900834854,1888,52.3,48.5,64.7,286.9,326.1
904512822,1889,49.9,46.2,64.8,273.1,312.6
904692673,1890,44.5,41.5,64.8,324.4,363.7
903187633,1891,81.3,80.6,64.8,113.8,177.2
904648481,1892,43.1,40.2,64.8,323.8,362.4
907650547,1893,69.3,68.5,64.8,235.8,297.1
903176523,1894,88.5,87.1,64.8,242.5,302.7
904435036,1895,117.5,116.8,3.9,70.3,73.8
896238547,1896,31.8,29.6,51.1,261.4,291.3
898678314,1898,38.3,35.6,64.8,314.1,352.6
903257236,1901,37.9,35.2,64.8,323.8,361.6
903809449,1903,86.6,85.4,64.8,245.6,306.3
903187505,1905,30.9,28.4,64.8,259.0,297.4
904674143,1906,36.6,34.2,64.8,319.0,358.0
907658521,1908,153.9,152.6,0.0,538.1,533.3
906885955,1909,29.8,27.8,64.8,323.8,361.6
903878176,1910,74.4,73.8,64.8,250.9,313.1
907784898,1911,66.8,66.0,64.8,134.1,196.5
908013023,1912,83.3,82.0,64.7,292.4,351.7
907681837,1917,81.1,80.2,64.7,259.1,320.3
908075790,1919,79.6,78.9,64.8,194.3,256.5
908290638,1921,98.0,97.0,64.8,271.8,333.0
911817638,1925,288.9,286.9,694.7,218.2,906.8
912646346,1928,308.8,305.3,64.8,153.7,216.0
913528192,1930,321.1,317.2,64.8,191.4,253.1
917464313,1932,69.3,68.1,64.8,194.3,254.5
918163291,1933,158.3,157.4,0.0,322.8,321.0
917498655,1934,81.2,80.2,64.8,242.0,303.2
918171534,1935,75.8,75.0,58.2,251.3,306.4
918154101,1936,68.8,67.9,64.8,237.9,298.6
919152220,1937,73.5,72.7,64.8,259.1,320.1
918710396,1939,78.2,77.4,60.3,324.3,381.1
917482112,1943,82.0,81.1,64.8,348.6,409.1
921091738,1950,133.3,131.8,64.8,380.2,439.9
923487340,1955,39.2,36.6,22.3,104.6,118.3
927471663,1957,44.9,40.9,48.9,170.7,199.8
926450279,1958,33.1,30.7,27.8,129.5,146.0
926474909,1959,41.6,38.3,47.0,189.7,217.5
924157383,1960,41.7,38.3,64.8,259.0,297.1
929275145,1961,41.1,37.6,64.8,259.0,296.8
928806854,1962,37.3,34.2,64.8,251.7,290.7
927609192,1964,41.3,38.1,64.8,278.6,316.4
923995408,1965,123.8,122.9,536.2,270.1,800.1
928921697,1966,34.2,31.5,64.8,268.3,306.1
922818253,1968,39.6,36.5,70.9,310.4,351.7
928113876,1970,31.1,28.6,64.8,262.8,301.6
931270865,1972,132.7,131.3,64.8,159.2,221.8
932067172,1974,181.6,178.4,56.1,234.6,285.4
931841830,1975,85.3,79.3,64.8,312.8,350.9
932820065,1976,37.4,34.2,64.8,234.9,273.4
931212840,1978,49.5,45.9,64.8,304.6,342.3
936622801,1979,44.3,41.0,64.8,295.5,333.6
933819660,1981,45.1,41.9,64.8,306.6,345.3
933413674,1982,46.2,43.2,39.6,196.5,220.6
930068376,1984,61.2,56.7,64.8,290.7,329.7
930624530,1985,132.7,131.7,0.0,430.5,427.3
936666309,1989,94.3,93.2,64.8,244.2,305.5
936477883,1990,80.4,79.4,64.8,222.1,283.6
936151099,1991,39.5,36.7,64.8,316.7,353.8
936125679,1992,74.7,73.8,72.2,206.6,275.3
937371353,1993,109.2,108.3,64.8,420.7,481.5
937405292,1996,119.6,118.4,64.8,388.5,448.6
941119296,2005,280.6,278.5,588.7,347.9,929.5
941272759,2009,266.8,264.4,10.8,7.8,18.4
942036841,2010,274.4,270.2,64.8,129.5,191.3
942954748,2012,290.2,286.6,64.8,180.8,242.6
945869376,2014,94.3,93.0,64.7,192.6,253.6
947097341,2015,71.2,70.0,64.8,194.3,254.9
947752308,2016,159.1,158.1,0.0,322.8,321.0
948306819,2017,81.2,79.8,64.8,280.8,339.6
947773270,2018,86.8,85.9,64.8,305.5,366.3
948277888,2019,83.2,82.2,64.8,323.0,383.4
949031776,2020,77.1,76.2,64.8,303.3,364.1
947105462,2024,79.4,78.7,64.8,369.6,430.3
949475132,2026,96.4,95.0,64.8,253.6,313.7
956446916,2035,59.0,54.7,39.7,169.3,193.7
954552880,2037,42.4,37.8,64.8,169.2,208.6
956348497,2038,64.1,58.3,64.8,214.4,253.7
960541560,2039,35.1,31.5,64.8,194.3,233.0
952152382,2040,35.3,32.0,64.8,223.1,260.9
960768027,2041,113.6,112.8,482.4,271.0,748.2
957953105,2042,40.5,37.5,64.8,303.6,340.9
960541703,2044,122.5,120.8,64.8,167.5,229.1
961397938,2045,28.4,26.0,64.8,259.0,296.9
962367930,2046,26.6,24.2,64.8,234.4,272.0
957007636,2048,103.1,96.0,64.8,329.8,367.3
954752057,2049,30.6,28.2,64.8,296.0,332.5
966134261,2051,25.0,23.1,52.9,259.0,288.4
968431626,2054,93.4,92.1,27.9,106.1,132.1
961797910,2055,83.9,82.8,64.8,218.8,279.7
969016566,2057,27.5,25.5,30.7,153.5,171.1
960552312,2058,29.3,27.1,64.8,323.8,359.8
959895322,2059,117.3,116.2,52.9,323.1,372.5
961587714,2061,112.0,110.9,64.7,351.3,411.8
961419551,2063,85.1,83.9,64.7,129.5,191.6
964799674,2064,68.5,68.1,20.0,189.1,207.6
964292416,2065,24.3,22.5,52.4,259.0,288.1
966932329,2068,105.9,105.1,0.0,430.5,427.3
965159616,2069,93.1,92.0,64.8,340.3,400.4
967197486,2070,113.4,111.7,64.7,266.2,326.0
965836646,2071,29.5,27.3,64.8,323.8,359.8
968063303,2076,132.6,131.6,64.7,447.7,508.7
968870821,2077,32.5,30.3,64.8,327.8,365.6
975185740,2081,154.6,153.4,642.5,194.2,830.4
977814911,2085,56.5,51.1,64.8,222.2,259.6
981761647,2086,84.3,83.1,64.7,194.3,255.4
985729473,2087,59.0,54.5,64.8,299.9,337.1
981784904,2088,51.5,47.9,64.7,348.1,384.0
984148385,2089,87.6,86.4,62.0,230.8,288.8
979253126,2090,34.5,31.5,64.8,230.2,269.1
987408303,2091,36.9,33.9,64.8,259.0,297.1
982374989,2092,65.1,64.6,30.3,126.8,155.9
982206936,2093,45.3,42.2,64.8,346.6,383.0
981412325,2094,88.7,87.8,64.7,257.7,318.9
987145083,2095,41.4,38.4,64.8,325.7,362.8
978433745,2098,33.3,30.7,64.8,299.0,335.1
981653425,2100,26.3,24.0,64.8,259.0,295.6
982263788,2101,116.0,115.2,0.0,430.5,427.3
981815089,2103,104.5,103.6,64.8,401.2,461.9
986327166,2105,68.5,67.8,25.7,113.5,137.7
986114820,2106,29.9,28.0,67.3,351.3,391.3
987195218,2113,96.7,95.8,64.8,388.2,448.5
986531015,2119,27.1,25.1,64.8,317.6,354.7
987639278,2120,106.7,105.3,64.8,288.8,348.8
988180681,2124,168.3,166.7,64.8,326.1,387.0
996632864,2129,70.9,65.3,8.2,35.4,40.2
997447734,2132,69.6,65.2,34.9,205.9,225.7
1001302777,2133,136.3,135.1,696.3,323.9,1010.8
991251091,2134,47.7,44.4,41.0,232.2,254.6
1002046056,2135,36.7,34.1,38.4,200.2,221.4
1004116693,2136,44.7,40.6,64.8,227.0,264.8
1005987288,2137,114.3,111.8,64.8,80.6,142.2
997408468,2138,106.6,105.0,64.8,142.8,204.5
996652336,2139,32.6,29.8,64.8,259.0,296.3
994232522,2140,61.4,60.7,64.8,147.8,210.0
1009455866,2141,57.1,56.1,64.8,77.5,139.7
1009496208,2142,78.4,77.6,64.8,220.6,282.4
1008087766,2143,34.9,32.1,64.8,300.2,336.1
1009506905,2146,65.5,64.8,44.2,178.2,220.0
998424896,2150,30.9,28.7,64.8,320.1,357.1
999752218,2151,27.4,25.3,64.8,323.8,359.2
1001302928,2152,60.4,59.6,64.8,203.8,265.3
1001317549,2153,96.7,96.0,0.0,430.4,427.3
1001302970,2155,66.4,65.7,28.3,129.5,156.1
1003560505,2156,62.6,61.9,64.8,264.1,324.8
1005997627,2158,67.2,66.5,64.8,294.0,354.9
1006968475,2159,29.9,28.1,64.8,415.4,451.2
1006007882,2160,26.2,24.5,64.8,384.2,419.2
1006979258,2161,92.7,91.6,64.8,334.0,394.0
1006788694,2168,25.2,23.5,64.8,388.5,423.8
1009473424,2169,33.9,31.9,64.8,427.9,463.3
1011704705,2181,31.8,29.6,12.8,65.4,73.1
1009577540,2182,53.5,49.6,36.5,194.3,213.9
1011664002,2183,43.1,39.8,31.6,156.5,173.8
1017614022,2184,49.4,44.5,64.8,212.5,249.7
1013200194,2186,42.0,39.2,51.5,307.4,334.7
1016625403,2187,44.8,41.8,64.8,388.5,422.9
1020854585,2188,61.8,57.7,64.8,372.2,408.4
1024177883,2192,34.5,32.3,64.8,388.5,423.6
1023017456,2193,125.9,125.5,0.0,215.2,214.4
1024196903,2194,28.6,26.7,39.4,238.6,260.1
1019402738,2195,29.3,26.7,64.8,247.9,284.9
1024833896,2196,50.6,47.6,64.7,417.0,453.0
1024968822,2197,28.4,26.6,44.4,270.3,294.3
1022069873,2198,92.9,91.9,803.9,290.5,1082.7
1023422912,2199,35.5,33.0,64.8,355.1,389.7
1023309942,2201,35.3,32.9,64.8,373.5,408.6
1025733179,2204,36.1,33.7,64.8,388.5,422.9
1020930380,2206,56.2,52.8,64.8,422.7,457.5
1026509252,2221,265.4,262.2,64.8,50.4,113.8
1026793383,2222,272.5,270.1,19.2,25.7,44.5
1027564048,2224,270.0,266.3,64.8,129.5,191.6
1030576182,2225,130.9,129.6,64.8,126.9,189.8
1031627964,2227,165.8,164.7,0.0,376.7,374.2
1031636458,2228,60.8,59.3,64.8,129.5,189.6
1031636331,2229,60.1,59.1,64.8,129.5,191.0
1031990597,2230,58.7,57.9,58.0,129.5,185.0
1031998639,2231,67.5,66.9,64.8,178.5,240.9
1030590735,2232,76.3,75.6,64.8,210.0,272.3
1032782059,2233,117.3,115.1,64.8,178.9,239.3
1032773354,2242,81.5,80.6,64.8,291.1,351.7
1038640336,2254,34.4,31.0,37.4,129.5,150.5
1038650728,2257,53.0,48.3,64.8,259.0,295.4
1042955778,2258,45.1,41.3,46.3,199.5,225.3
1043333780,2259,113.2,112.8,0.0,215.2,214.4
1044072979,2260,53.0,49.2,64.8,356.0,391.0
1044598570,2262,46.4,43.0,64.8,312.5,350.2
1037901066,2263,36.5,34.1,64.8,286.4,327.6
1041635142,2264,33.4,30.6,61.5,273.7,307.1
1041234870,2265,33.9,31.1,64.8,299.5,333.9
1044631662,2266,41.7,39.0,64.8,390.4,425.3
1044746511,2267,104.8,103.7,750.0,422.5,1160.4
1044580245,2268,37.6,35.0,64.8,359.8,395.1
1040333663,2273,38.5,35.9,64.8,374.2,408.5
1047584284,2290,39.2,38.8,17.9,44.5,61.7
1048484362,2291,89.5,88.7,64.7,94.1,157.4
1048484534,2292,47.9,47.2,64.8,64.8,127.6
1048484298,2293,136.2,135.6,0.0,269.0,267.8
1048476164,2294,53.5,52.4,55.9,129.5,181.7
1046305743,2295,63.1,62.2,50.3,129.5,177.2
1048475819,2296,52.9,52.0,64.8,129.5,191.0
1049127760,2297,46.9,46.1,64.8,107.5,169.4
1049423197,2298,52.9,52.1,64.8,129.5,191.5
1048467555,2301,68.0,67.4,64.8,226.0,288.0
1048476059,2306,80.4,79.6,64.8,304.0,364.9
1049756677,2316,223.9,221.0,64.8,204.8,266.1
1050687182,2322,110.9,100.1,27.9,91.9,108.2
1062186503,2323,26.9,24.3,16.8,64.8,73.8
1061718852,2324,68.5,64.1,47.7,287.8,314.1
1059500228,2325,79.3,79.0,0.0,215.2,214.4
1059510509,2326,37.2,34.6,52.2,296.9,325.1
1061729100,2327,48.1,44.9,64.8,386.2,421.2
1059566113,2330,134.2,132.8,643.6,518.2,1150.2
1053742901,2331,34.7,32.1,64.8,333.6,368.6
1064631405,2332,38.7,36.1,64.8,386.5,421.3
1055895460,2333,31.3,28.7,64.8,306.1,340.4
1063694024,2334,61.4,60.4,64.8,126.7,188.1
1067610917,2335,52.8,52.0,64.7,104.7,166.8
1059388724,2340,52.8,52.0,64.8,111.4,173.4
1063577787,2346,35.5,33.2,60.1,374.6,406.9
1063658823,2347,64.7,63.7,64.8,185.1,246.1
1063315220,2348,52.4,51.3,64.8,139.7,200.3
1064059520,2349,49.8,49.1,64.8,129.5,191.8
1064059688,2350,26.0,23.9,64.8,285.3,321.6
1063747760,2351,60.2,59.7,64.8,170.7,233.3
1066684611,2353,141.4,140.7,0.0,269.0,267.8
1066662166,2355,66.9,66.0,68.8,246.6,311.3
1067602797,2360,51.0,50.7,64.7,129.5,193.1
1068329434,2361,28.9,27.1,64.8,407.1,441.6
1068058207,2363,52.5,52.1,64.8,129.5,193.0
1067611350,2365,77.1,76.3,64.8,237.7,299.0
1066677474,2372,65.6,64.9,64.8,231.6,293.1
1068915718,2373,75.6,75.0,45.1,255.2,298.0
1068827381,2374,77.8,77.1,64.8,251.0,312.8
1071451832,2393,131.7,126.3,63.6,252.4,303.0
1078647753,2394,69.6,63.9,47.7,221.4,247.1
1074138867,2395,67.2,61.1,64.8,259.0,294.5
1073148735,2396,110.7,105.7,64.8,388.5,433.1
1080632354,2399,31.0,28.8,34.4,194.3,212.4
1080405942,2400,34.6,31.3,64.8,259.0,293.6
1088979556,2401,113.8,113.4,0.0,215.2,214.4
1083191932,2402,31.8,29.3,51.1,259.0,285.3
1078042984,2403,95.8,94.9,697.4,259.1,947.1
1086345304,2404,35.7,33.1,65.7,364.1,398.9
1089872954,2405,73.5,72.8,31.6,134.1,163.9
1087290936,2406,79.6,77.8,64.8,129.5,189.9
1089537948,2408,27.2,25.4,33.9,217.5,235.6
1077772446,2410,82.4,81.3,64.8,194.3,255.3
1084025149,2411,67.5,66.7,64.8,263.7,324.6
1090139784,2415,64.3,63.6,37.4,126.1,161.8
1080232499,2416,27.8,26.0,61.5,368.1,401.6
1083239103,2423,78.4,77.7,64.8,125.2,188.1
1084050782,2424,28.4,26.5,64.8,388.5,423.1
1085849458,2425,39.2,38.6,64.8,117.1,178.9
1083227033,2426,92.8,92.4,0.0,269.0,267.8
1086204751,2428,23.7,22.0,64.8,361.6,395.4
1089546424,2429,26.6,24.7,64.8,367.8,401.3
1088916499,2433,63.0,62.3,64.8,312.8,373.7
1086616395,2435,62.0,61.5,64.7,134.2,197.4
1089862997,2436,66.3,65.7,36.2,117.0,151.6
1088927054,2438,65.5,64.9,64.8,294.3,355.9
1089822117,2440,24.1,22.4,64.8,388.5,421.6
1089844629,2445,41.0,38.4,64.8,417.9,452.1
1092826524,2454,110.9,102.2,32.3,152.9,170.8
1092419686,2456,99.9,91.1,49.4,194.3,222.1
1091635424,2457,106.1,96.0,64.8,237.5,273.5
1093210979,2458,121.0,111.2,64.8,318.4,352.3
1101585643,2463,79.4,73.4,64.8,343.8,377.5
1101356762,2464,67.1,62.4,64.8,388.5,421.5
1098720762,2465,188.0,187.3,0.0,215.2,214.4
1100437210,2466,51.2,47.2,64.8,331.0,364.8
1101689595,2467,57.9,54.0,64.8,395.4,428.6
1101576044,2468,142.0,140.4,805.1,323.8,1115.5
1100597625,2473,56.2,52.2,64.8,388.5,420.9
1102605167,2486,243.0,239.0,64.8,91.4,153.6
1103466015,2487,246.1,243.6,64.8,129.5,192.4
1104263586,2489,265.6,262.1,64.8,129.5,191.8
1105141592,2490,240.4,236.7,64.8,129.5,191.3
1106030130,2492,241.2,238.9,64.8,132.7,195.6
1109363449,2494,175.1,174.2,0.0,269.0,267.8
1110329389,2495,88.0,86.9,38.8,151.6,188.1
1110401511,2496,70.3,69.6,64.8,164.4,226.8
1108440584,2497,69.7,68.9,64.8,188.1,250.0
1110409712,2498,76.8,76.0,64.8,259.1,320.4
1107563075,2499,69.8,68.8,64.7,231.4,292.0
1110392934,2500,89.9,88.9,64.8,316.8,377.3
1110401926,2501,75.2,74.3,64.7,255.1,315.8
1114853749,2520,29.1,27.4,37.0,83.1,113.3
1117885801,2521,39.5,36.7,29.5,163.9,179.3
1121631081,2522,70.6,69.0,64.8,323.8,379.6
1116752097,2523,47.1,42.8,64.8,269.5,303.8
1122335217,2524,53.8,49.8,64.8,361.1,394.2
1115758990,2525,72.2,70.9,24.1,129.5,150.8
1119091825,2526,55.0,51.2,64.8,388.2,421.1
1125447102,2527,127.7,127.3,0.0,215.2,214.4
1119254321,2528,31.0,28.3,58.6,268.8,298.8
1123733087,2531,34.4,31.6,64.8,323.8,357.3
1125460727,2532,30.7,28.2,48.2,253.5,277.6
1122612457,2533,91.5,90.6,697.4,299.4,986.8
1123868523,2536,31.4,29.2,38.4,230.8,250.1
1130055478,2537,31.1,29.0,64.8,380.1,414.9
1119203612,2539,31.1,28.5,64.8,324.3,357.3
1130147822,2541,43.7,42.8,35.1,87.9,120.3
1120968722,2542,48.1,47.6,27.4,129.5,155.4
1128571749,2553,44.2,43.5,64.8,129.5,191.1
1128751007,2554,44.2,43.5,64.8,129.5,191.1
1126710376,2555,174.1,173.3,0.0,269.0,267.8
1129540972,2556,49.5,48.9,64.8,197.8,259.6
1130044531,2557,61.5,61.2,64.8,126.5,190.2
1130044620,2558,52.8,52.2,64.8,250.0,311.3
1130055428,2559,53.6,53.1,64.7,254.5,316.2
1128421949,2560,55.5,54.8,64.8,267.6,328.6
1130044343,2563,34.5,32.3,64.8,404.4,438.7
1128751244,2564,37.1,34.4,64.8,368.6,401.2
1130834423,2577,168.6,161.7,22.0,97.6,114.7
1132326991,2578,153.8,141.9,38.9,193.1,214.1
1131694731,2579,163.3,149.1,64.8,288.1,322.0
1139887281,2583,198.8,198.1,0.0,215.2,214.4
1144831192,2586,165.0,163.3,697.4,470.9,1155.8
1143117404,2587,66.9,62.4,66.0,414.2,447.6
1145635217,2588,43.0,42.6,64.7,64.7,128.1
1145693017,2589,43.0,42.2,64.8,64.8,127.1
1143070593,2590,51.7,47.8,64.8,359.2,391.7
1138666208,2593,45.9,44.9,64.8,129.5,190.3
1143108832,2596,46.0,45.5,64.8,129.5,192.0
1143089826,2597,43.6,40.2,64.8,353.1,385.9
1144460315,2598,43.5,40.2,64.8,362.8,395.1
1144460377,2599,47.4,46.9,64.8,194.3,256.8
1145662471,2600,45.8,45.1,64.8,186.2,247.0
1145662097,2601,42.6,39.5,64.8,388.5,420.2
1145745425,2602,50.6,49.8,64.8,217.2,277.6
1146556083,2605,56.2,55.4,64.8,119.2,181.3
1146564730,2606,56.5,55.9,27.1,155.4,180.6
1146678861,2612,77.3,76.4,64.8,97.6,160.6
1149739536,2613,113.6,112.4,64.7,226.6,288.4
1147537784,2615,116.1,115.1,64.8,259.6,321.4
1148580400,2617,90.8,89.7,64.8,389.3,448.9
1149747919,2628,190.2,189.1,0.0,322.9,321.0
1150534382,2629,113.6,112.5,64.8,213.9,276.0
1150885887,2630,112.0,111.0,64.7,246.5,308.6
1154968712,2637,62.2,58.9,64.8,194.3,245.3
1159575913,2638,41.4,38.7,35.0,194.3,214.3
1162021060,2639,40.9,37.4,49.6,247.3,272.1
1163700504,2640,106.1,105.2,643.1,222.0,858.1
1163700586,2641,37.3,33.7,61.1,259.0,289.5
1156580580,2642,82.0,80.7,64.8,129.6,191.2
1163655780,2643,32.9,29.9,64.8,294.1,326.5
1162797707,2644,88.6,88.2,0.0,269.0,267.7
1162021154,2645,41.1,38.2,64.8,384.0,416.1
1162778356,2646,51.9,49.1,64.8,293.8,338.9
1159464046,2648,31.4,29.2,51.8,313.6,340.1
1158796275,2649,32.6,30.1,56.7,323.8,351.5
1162753308,2653,33.4,30.9,60.8,343.6,373.4
1166201506,2654,31.4,28.8,68.0,324.9,359.6
1162021122,2657,31.4,28.8,64.8,328.0,360.4
1162011524,2658,65.2,64.4,64.8,191.1,253.0
1163716528,2659,107.9,107.2,64.8,129.5,193.1
1165439126,2662,98.2,96.8,64.8,253.3,313.5
1165447352,2663,106.1,105.1,64.8,277.6,339.1
1165447245,2664,100.1,99.2,64.8,259.0,320.9
1165539779,2665,115.5,114.3,64.8,320.6,381.5
1164772722,2666,50.2,46.5,64.8,395.1,426.4
1174666250,2674,28.1,26.1,11.2,64.8,70.6
1172891986,2677,81.6,79.9,64.8,244.2,302.3
1181259546,2678,55.6,51.1,47.5,240.1,264.1
1174509518,2679,31.8,29.4,27.5,155.9,169.3
1183270930,2680,51.6,48.2,38.6,259.0,277.9
1184061245,2681,87.3,87.0,0.0,215.2,214.4
1174570880,2682,122.8,121.7,536.8,404.7,933.1
1171320845,2683,56.6,55.7,34.9,115.9,148.4
1184277988,2684,68.4,67.4,64.7,160.6,222.1
1179433925,2685,60.1,59.2,64.8,156.9,218.6
1183297064,2686,69.9,69.0,64.8,193.2,254.7
1174595570,2687,74.6,74.0,64.8,232.6,295.2
1174595797,2690,45.1,41.9,64.8,398.9,430.7
1178638484,2695,83.9,83.2,64.8,358.2,419.6
1178499489,2696,109.8,108.6,64.8,211.4,273.4
1178648509,2697,32.1,29.5,64.8,326.5,358.6
1177979642,2698,30.8,28.4,64.8,359.0,391.5
1178972215,2699,75.1,74.3,64.8,194.3,256.0
1180640290,2700,35.3,33.0,64.8,425.8,458.9
1181236030,2705,114.7,114.1,0.0,269.0,267.8
1183296841,2710,28.6,26.5,64.8,360.5,392.9
1183366684,2715,101.7,100.4,64.8,206.8,268.0
1184070105,2717,30.3,28.1,64.8,388.5,419.8
1184296901,2719,103.9,102.7,64.8,226.3,287.8
1184725447,2720,126.1,124.6,64.8,349.5,409.4
1192218910,2727,73.5,71.8,64.8,163.8,223.5
1190698048,2730,129.2,128.0,643.6,250.4,886.0
1200096413,2731,111.0,110.6,0.0,215.2,214.4
1200095664,2732,174.0,172.4,64.8,11.8,75.9
1200093452,2733,155.9,155.8,64.8,64.8,129.4
1200093607,2734,84.1,83.0,64.8,99.7,162.4
1200093541,2735,76.1,75.3,64.8,275.2,336.6
1200093808,2736,86.8,85.9,64.8,348.1,408.6
1199741590,2737,38.0,35.2,64.8,388.5,419.6
1200095403,2738,126.0,125.4,0.0,269.0,267.8
1199831822,2739,40.8,38.0,64.8,425.8,456.5
1192232153,2742,90.0,89.1,64.8,384.6,445.0
1192707006,2744,35.9,31.6,64.8,377.2,388.5
1193203174,2745,36.6,31.6,64.8,385.3,388.5
1194631998,2746,36.4,26.3,64.8,383.2,323.8
1197455251,2748,2314.6,0.0,64.8,355.2,0.0
1198215408,2749,36.8,26.3,64.8,388.5,323.8
1199902815,2751,2559.1,0.0,64.8,403.0,0.0
1199780955,2755,38.0,26.3,64.8,402.9,323.8
1200188977,2760,35.4,26.3,64.8,371.2,323.8
1200304775,2765,34.9,26.3,64.8,365.1,323.8
1200093708,2766,255.7,151.9,17.6,91.5,64.8
1200094924,2767,1279.0,172.7,64.8,414.9,64.8
1200304672,2768,1066.6,169.1,64.8,343.6,64.8
